fips,lat,lon
001001,32.500194,-086.487813
001003,30.537396,-087.761478
001005,31.843981,-085.301306
001007,33.032236,-087.136826
001009,33.954604,-086.592667
001011,32.115838,-085.702354
001013,31.776019,-086.652400
001015,33.727215,-085.817974
001017,32.856440,-085.259640
001019,34.180501,-085.629887
001021,32.879146,-086.688861
001023,32.016121,-088.262482
001025,31.683493,-087.815868
001027,33.274342,-085.817245
001029,33.625217,-085.495748
001031,31.353217,-085.899556
001033,34.724339,-087.681892
001035,31.416430,-086.997537
001037,32.976884,-086.156212
001039,31.284146,-086.409203
001041,31.747324,-086.296787
001043,34.162652,-086.832690
001045,31.383858,-085.637710
001047,32.411818,-087.035342
001049,34.452725,-085.817465
001051,32.558527,-086.225332
001053,31.085439,-087.280078
001055,34.012182,-086.025892
001057,33.726912,-087.767490
001059,34.463509,-087.793592
001061,31.094511,-085.781426
001063,32.833838,-087.924522
001065,32.783251,-087.627964
001067,31.469275,-085.271132
001069,31.204793,-085.396320
001071,34.727289,-085.943552
001073,33.517206,-086.811606
001075,33.761275,-088.108771
001077,34.865524,-087.608858
001079,34.540863,-087.271580
001081,32.592265,-085.359778
001083,34.803982,-086.922366
001085,32.164241,-086.615186
001087,32.429073,-085.711764
001089,34.742996,-086.615330
001091,32.342372,-087.803475
001093,34.110448,-087.876476
001095,34.311249,-086.291329
001097,30.684049,-088.175178
001099,31.498800,-087.364576
001101,32.346473,-086.233787
001103,34.513887,-086.931981
001105,32.584881,-087.369738
001107,33.284667,-088.074381
001109,31.786041,-085.946994
001111,33.264692,-085.427378
001113,32.414904,-085.054594
001115,33.660943,-086.374875
001117,33.290336,-086.738990
001119,32.571003,-088.230925
001121,33.376936,-086.165876
001123,32.851728,-085.864016
001125,33.214817,-087.518474
001127,33.834217,-087.250515
001129,31.413666,-088.195263
001131,32.007448,-087.376912
001133,34.164369,-087.415624
002013,54.672887,-163.763729
002016,54.024627,-168.148047
002020,61.191547,-149.792287
002050,60.667568,-162.178288
002060,58.733456,-156.833611
002063,60.881369,-146.199156
002066,62.060769,-145.032939
002068,63.864310,-149.027498
002070,59.128804,-158.751320
002090,64.831239,-147.623249
002100,59.234185,-135.497336
002105,58.123876,-135.423534
002110,58.360173,-134.533023
002122,60.283998,-151.068103
002130,55.369105,-131.678418
002150,57.774607,-152.454785
002158,62.076819,-164.340490
002164,58.617154,-156.273390
002170,61.607247,-149.432649
002180,64.431631,-165.269108
002185,70.480816,-155.295377
002188,66.897051,-161.582978
002195,56.795070,-132.943575
002198,55.590770,-132.668824
002220,57.062777,-135.335988
002230,59.465893,-135.310551
002240,63.861551,-144.698751
002275,56.426145,-132.355422
002282,59.545059,-139.714907
002290,64.966051,-152.827744
004001,35.543654,-109.419015
004003,31.603486,-110.072835
004005,35.476113,-111.601825
004007,33.844439,-111.015003
004009,32.867145,-109.808107
004011,32.985155,-109.259546
004012,33.954185,-114.183775
004013,33.490147,-112.044016
004015,35.034511,-114.262415
004017,34.862151,-110.205157
004019,32.216427,-110.958030
004021,33.069323,-111.602135
004023,31.439234,-110.945948
004025,34.628734,-112.273841
004027,32.641391,-114.605444
005001,34.403488,-091.460834
005003,33.179590,-091.877908
005005,36.331791,-092.383935
005007,36.335056,-094.230342
005009,36.266608,-093.098769
005011,33.574422,-092.101277
005013,33.585989,-092.500683
005015,36.375744,-093.574712
005017,33.325951,-091.318357
005019,34.099325,-093.123962
005021,36.370287,-090.366417
005023,35.507218,-092.037753
005025,33.912967,-092.136375
005027,33.258766,-093.247178
005029,35.212990,-092.705923
005031,35.835762,-090.669235
005033,35.494096,-094.285922
005035,35.176704,-090.213521
005037,35.251667,-090.777424
005039,33.864882,-092.525216
005041,33.768029,-091.415165
005043,33.627329,-091.784085
005045,35.105697,-092.406071
005047,35.442155,-093.891039
005049,36.375654,-091.766807
005051,34.505767,-093.080729
005053,34.311672,-092.412583
005055,36.071536,-090.522562
005057,33.698177,-093.620782
005059,34.353569,-092.895511
005061,33.981466,-093.908938
005063,35.750729,-091.607338
005065,36.121500,-091.911716
005067,35.623062,-091.246504
005069,34.234814,-092.045118
005071,35.476548,-093.473125
005073,33.278875,-093.557713
005075,36.070844,-091.064441
005077,34.787429,-090.769631
005079,33.973433,-091.745899
005081,33.700349,-094.198663
005083,35.227664,-093.768311
005085,34.916983,-091.973917
005087,36.062896,-093.757685
005089,36.284395,-092.660219
005091,33.402394,-093.987198
005093,35.843368,-090.001606
005095,34.777063,-091.221516
005097,34.514568,-093.622447
005099,33.725543,-093.359433
005101,35.982591,-093.165658
005103,33.573847,-092.838686
005105,34.998711,-092.777667
005107,34.530919,-090.703802
005109,34.186355,-093.626194
005111,35.604751,-090.558401
005113,34.522847,-094.257930
005115,35.309054,-093.096833
005117,34.863817,-091.540516
005119,34.775246,-092.315081
005121,36.302137,-090.989599
005123,35.016355,-090.774948
005125,34.596991,-092.546119
005127,34.904224,-094.097007
005129,35.923072,-092.660663
005131,35.318718,-094.354788
005133,34.015316,-094.303780
005135,36.178093,-091.519530
005137,35.855715,-092.133812
005139,33.207421,-092.651980
005141,35.568095,-092.420130
005143,36.095920,-094.172336
005145,35.239408,-091.773595
005147,35.233161,-091.251021
005149,35.127752,-093.282930
006001,37.706599,-122.098766
006003,38.728485,-119.847822
006005,38.395906,-120.778038
006007,39.658926,-121.726510
006009,38.157342,-120.645222
006011,39.153446,-122.083801
006013,37.935010,-122.024961
006015,41.790833,-124.164236
006017,38.741021,-120.761446
006019,36.743848,-119.765291
006021,39.665777,-122.179287
006023,40.757636,-124.088127
006025,32.841599,-115.540049
006027,37.171422,-118.268567
006029,35.369809,-118.941786
006031,36.252657,-119.726922
006033,38.976233,-122.732922
006035,40.393749,-120.584467
006037,34.067886,-118.245990
006039,37.037074,-120.009796
006041,37.986474,-122.546657
006043,37.532076,-119.971401
006045,39.285646,-123.394154
006047,37.274812,-120.628944
006049,41.521665,-120.631201
006051,37.773016,-118.970627
006053,36.614681,-121.646692
006055,38.325108,-122.319983
006057,39.220021,-120.915206
006059,33.732683,-117.858773
006061,38.839708,-121.198379
006063,39.981152,-120.821957
006065,33.799274,-117.076969
006067,38.568337,-121.381235
006069,36.843074,-121.402614
006071,34.190969,-117.359766
006073,32.884418,-117.112348
006075,37.760569,-122.436499
006077,37.924541,-121.302289
006079,35.341822,-120.665804
006081,37.563575,-122.339869
006083,34.645128,-120.102900
006085,37.315518,-121.911090
006087,36.986338,-121.938739
006089,40.578348,-122.300147
006091,39.607184,-120.421856
006093,41.572743,-122.493725
006095,38.236295,-122.067272
006097,38.412281,-122.720368
006099,37.618447,-120.955882
006101,39.137197,-121.643973
006103,40.114795,-122.219057
006105,40.629982,-123.096608
006107,36.254134,-119.234540
006109,37.972006,-120.325224
006111,34.242809,-119.025486
006113,38.598163,-121.718874
006115,39.131905,-121.510607
008001,39.876949,-104.920943
008003,37.481888,-105.877629
008005,39.646582,-104.838574
008007,37.240274,-107.089808
008009,37.368105,-102.532040
008011,38.072919,-103.166006
008013,40.062992,-105.180215
008014,39.939871,-105.058131
008015,38.676811,-106.085131
008017,38.817655,-102.470052
008019,39.713458,-105.532527
008021,37.199613,-105.987323
008023,37.292230,-105.444296
008025,38.193783,-103.856387
008027,38.133198,-105.382527
008029,38.798198,-107.913769
008031,39.724860,-104.950033
008033,37.746934,-108.758724
008035,39.482023,-104.873570
008037,39.600516,-106.733421
008039,39.388552,-104.523110
008041,38.877314,-104.752120
008043,38.426941,-105.214303
008045,39.507103,-107.549019
008047,39.856062,-105.483217
008049,40.051143,-105.978501
008051,38.660002,-106.944384
008053,38.002552,-107.298750
008055,37.612538,-104.887584
008057,40.690192,-106.295485
008059,39.723690,-105.130309
008061,38.470085,-102.700966
008063,39.310418,-102.462031
008065,39.244814,-106.307470
008067,37.266021,-107.803947
008069,40.504402,-105.089155
008071,37.192053,-104.501324
008073,39.180049,-103.614219
008075,40.640340,-103.185977
008077,39.092942,-108.546673
008079,37.779142,-106.942063
008081,40.516060,-107.613977
008083,37.371913,-108.554458
008085,38.481301,-107.922349
008087,40.254229,-103.789071
008089,38.023236,-103.655776
008091,38.146044,-107.751894
008093,39.305737,-105.625362
008095,40.599356,-102.385877
008097,39.231757,-106.908716
008099,38.083029,-102.548624
008101,38.265773,-104.646976
008103,40.051080,-108.268744
008105,37.611850,-106.242067
008107,40.455504,-106.897410
008109,37.925349,-106.006105
008111,37.801877,-107.673598
008113,37.971818,-107.958108
008115,40.962161,-102.325673
008117,39.572383,-106.055673
008119,38.944782,-105.139899
008121,40.098312,-103.157119
008123,40.322426,-104.807009
008125,40.065848,-102.480825
009001,41.206021,-073.367214
009003,41.761165,-072.717868
009005,41.726958,-073.190432
009007,41.479018,-072.571631
009009,41.396593,-072.942327
009011,41.443271,-072.097543
009013,41.842288,-072.372969
009015,41.805080,-071.993508
010001,39.127081,-075.559130
010003,39.678852,-075.635290
010005,38.661794,-075.331473
011001,38.910168,-077.013993
012001,29.664721,-082.391582
012003,30.286374,-082.184536
012005,30.212820,-085.670601
012007,29.949896,-082.128265
012009,28.225111,-080.690892
012011,26.135399,-080.226976
012013,30.464333,-085.125841
012015,26.953831,-082.117344
012017,28.865585,-082.455213
012019,30.087758,-081.800487
012021,26.203653,-081.692570
012023,30.122022,-082.664496
012027,27.186800,-081.870510
012029,29.634593,-083.058664
012031,30.298646,-081.620436
012033,30.485666,-087.277106
012035,29.521471,-081.222102
012037,29.785968,-084.813247
012039,30.593632,-084.571737
012041,29.705263,-082.808104
012043,26.897019,-081.189563
012045,29.955584,-085.259724
012047,30.501436,-082.999025
012049,27.548142,-081.816969
012051,26.726562,-081.216144
012053,28.504446,-082.497025
012055,27.462632,-081.444816
012057,27.967264,-082.398570
012059,30.847037,-085.754664
012061,27.671332,-080.440738
012063,30.797248,-085.218988
012065,30.502892,-083.891330
012067,30.063591,-083.176369
012069,28.716853,-081.750668
012071,26.576019,-081.851845
012073,30.466102,-084.269682
012075,29.380119,-082.662921
012077,30.399108,-084.907135
012079,30.472359,-083.425943
012081,27.478313,-082.520478
012083,29.135817,-082.126125
012085,27.145869,-080.245706
012086,25.769326,-080.301180
012087,24.747427,-081.244796
012089,30.608318,-081.634340
012091,30.551645,-086.565567
012093,27.271934,-080.824315
012095,28.526077,-081.388371
012097,28.269056,-081.390370
012099,26.616523,-080.143701
012101,28.258217,-082.510240
012103,27.900189,-082.727015
012105,28.042479,-081.786864
012107,29.609230,-081.721195
012109,29.991793,-081.434924
012111,27.333592,-080.357144
012113,30.547226,-087.035767
012115,27.201139,-082.416033
012117,28.699171,-081.310073
012119,28.833480,-082.024754
012121,30.213664,-082.985113
012123,30.056859,-083.590349
012125,30.011442,-082.357690
012127,29.072351,-081.126278
012129,30.187394,-084.332906
012131,30.543793,-086.190190
012133,30.649403,-085.623870
013001,31.770708,-082.338755
013003,31.317495,-082.878111
013005,31.547000,-082.466090
013007,31.310960,-084.433608
013009,33.085482,-083.243621
013011,34.349158,-083.507471
013013,33.992491,-083.728597
013015,34.208535,-084.829148
013017,31.727139,-083.248140
013019,31.233472,-083.251763
013021,32.834626,-083.690072
013023,32.401506,-083.332183
013025,31.217234,-081.970017
013027,30.841118,-083.542270
013029,31.958731,-081.353407
013031,32.415313,-081.762378
013033,33.103215,-082.002339
013035,33.294854,-083.972919
013037,31.526143,-084.662951
013039,30.812543,-081.631375
013043,32.399154,-082.060428
013045,33.623974,-085.043815
013047,34.928524,-085.172189
013049,30.786554,-082.024244
013051,32.043151,-081.136643
013053,32.342797,-084.896374
013055,34.496004,-085.344042
013057,34.170504,-084.494745
013059,33.950374,-083.381417
013061,31.634951,-085.014589
013063,33.551579,-084.361187
013065,31.021262,-082.744401
013067,33.941801,-084.557976
013069,31.515718,-082.838428
013071,31.179661,-083.767871
013073,33.514668,-082.175338
013075,31.148353,-083.423804
013077,33.377998,-084.733460
013079,32.706715,-083.930196
013081,31.949314,-083.778048
013083,34.881193,-085.497925
013085,34.400246,-084.102212
013087,30.889772,-084.569999
013089,33.790223,-084.247613
013091,32.212397,-083.173704
013093,32.170176,-083.780740
013095,31.574147,-084.171202
013097,33.724594,-084.735518
013099,31.335623,-084.919905
013101,30.712259,-083.050326
013103,32.287329,-081.299809
013105,34.128394,-082.880506
013107,32.586625,-082.306411
013109,32.168708,-081.906627
013111,34.902937,-084.312915
013113,33.428121,-084.513188
013115,34.256222,-085.183346
013117,34.190488,-084.150182
013119,34.378121,-083.186359
013121,33.832534,-084.396191
013123,34.675112,-084.486082
013125,33.236629,-082.609660
013127,31.202596,-081.486211
013129,34.498248,-084.907765
013131,30.881836,-084.212447
013133,33.535248,-083.179388
013135,33.954137,-084.053177
013137,34.565656,-083.541387
013139,34.269360,-083.847644
013141,33.254841,-083.013250
013143,33.760719,-085.184723
013145,32.697540,-084.894283
013147,34.355547,-082.964995
013149,33.307964,-085.116748
013151,33.470292,-084.174632
013153,32.565757,-083.663692
013155,31.604345,-083.279860
013157,34.129495,-083.599045
013159,33.358288,-083.726512
013161,31.847814,-082.600257
013163,33.068980,-082.408116
013165,32.789871,-081.947165
013167,32.699439,-082.684511
013169,32.961196,-083.550237
013171,33.084155,-084.154394
013173,31.037307,-083.097639
013175,32.517494,-082.925405
013177,31.680634,-084.177116
013179,31.828772,-081.577700
013181,33.780601,-082.445454
013183,31.775868,-081.731661
013185,30.860299,-083.281437
013187,34.524477,-083.988151
013189,33.459579,-082.468712
013191,31.480147,-081.405656
013193,32.324124,-084.039478
013195,34.101336,-083.240303
013197,32.382601,-084.524649
013199,33.016626,-084.675396
013201,31.160435,-084.738302
013205,31.218188,-084.171176
013207,33.037037,-083.909101
013209,32.173336,-082.529480
013211,33.600047,-083.485701
013213,34.781729,-084.791640
013215,32.495642,-084.928926
013217,33.570575,-083.898026
013219,33.876988,-083.464103
013221,33.918851,-083.147433
013223,33.913898,-084.814237
013225,32.589118,-083.822766
013227,34.455831,-084.436004
013229,31.313022,-082.242367
013231,33.104780,-084.366582
013233,34.010871,-085.174625
013235,32.273393,-083.478958
013237,33.319719,-083.335457
013239,31.859563,-085.078114
013241,34.879707,-083.407047
013243,31.758591,-084.758082
013245,33.427932,-082.051886
013247,33.642136,-084.019225
013249,32.241832,-084.306635
013251,32.722235,-081.629825
013253,30.967903,-084.866698
013255,33.258944,-084.271569
013257,34.558402,-083.289701
013259,32.068608,-084.758019
013261,32.061409,-084.222402
013263,32.700716,-084.582980
013265,33.568965,-082.886099
013267,32.036453,-082.058473
013269,32.559079,-084.209743
013271,32.019316,-082.894969
013273,31.772020,-084.429026
013275,30.869270,-083.947978
013277,31.455071,-083.513873
013279,32.185481,-082.368674
013281,34.940026,-083.782885
013283,32.387282,-082.589236
013285,33.038124,-085.029721
013287,31.702770,-083.638274
013289,32.702269,-083.416707
013291,34.877460,-084.004818
013293,32.907220,-084.325253
013295,34.838709,-085.293092
013297,33.795968,-083.785302
013299,31.226953,-082.383829
013301,33.406673,-082.661562
013303,32.964333,-082.775581
013305,31.610570,-081.916558
013307,32.052450,-084.561824
013309,32.147523,-082.756158
013311,34.599638,-083.743731
013313,34.793647,-084.966305
013315,31.975538,-083.409194
013317,33.757224,-082.752748
013319,32.843967,-083.239243
013321,31.545333,-083.859160
015001,19.672735,-155.428067
015003,21.371521,-157.917219
015005,21.189607,-156.982059
015007,22.019834,-159.438951
015009,20.862853,-156.491993
016001,43.612091,-116.313143
016003,44.843883,-116.383254
016005,42.871117,-112.425092
016007,42.307481,-111.341210
016009,47.273057,-116.644633
016011,43.223106,-112.346259
016013,43.548124,-114.299016
016015,43.906510,-115.985316
016017,48.236490,-116.630197
016019,43.494825,-111.994434
016021,48.710599,-116.302645
016023,43.697316,-113.302190
016025,43.352907,-114.754454
016027,43.612485,-116.625046
016029,42.646162,-111.652123
016031,42.487358,-113.747762
016033,44.194725,-112.262134
016035,46.489093,-116.190755
016037,44.280306,-114.096283
016039,43.117658,-115.685056
016041,42.098212,-111.871828
016043,44.012878,-111.616883
016045,43.883064,-116.507732
016047,42.853491,-114.750399
016049,45.972026,-116.105519
016051,43.687090,-111.959043
016053,42.699506,-114.464966
016055,47.738595,-116.837402
016057,46.742589,-116.934836
016059,45.130443,-113.860990
016061,46.237559,-116.264039
016063,42.971703,-114.333319
016065,43.819187,-111.793855
016067,42.611171,-113.712634
016069,46.393945,-116.952097
016071,42.182230,-112.295487
016073,43.393385,-116.704658
016075,44.019562,-116.893339
016077,42.774583,-112.827325
016079,47.514916,-116.091781
016081,43.692414,-111.122065
016083,42.560260,-114.499626
016085,44.766234,-116.074739
016087,44.298270,-116.920980
017001,39.943853,-091.327397
017003,37.152943,-089.294878
017005,38.884765,-089.432041
017007,42.294302,-088.852137
017009,39.966021,-090.747509
017011,41.382406,-089.420549
017013,39.122999,-090.638209
017015,42.067256,-089.969163
017017,39.980410,-090.320947
017019,40.126856,-088.236460
017021,39.525376,-089.254079
017023,39.351511,-087.796198
017025,38.715726,-088.491810
017027,38.588708,-089.485747
017029,39.487996,-088.264625
017031,41.869515,-087.757998
017033,39.004797,-087.750005
017035,39.275024,-088.280686
017037,41.927566,-088.726804
017039,40.170876,-088.911355
017041,39.766979,-088.280371
017043,41.848928,-088.071268
017045,39.636396,-087.713766
017047,38.401606,-088.041233
017049,39.095854,-088.573292
017051,38.995881,-089.033955
017053,40.521655,-088.219432
017055,37.963987,-088.953694
017057,40.524812,-090.116575
017059,37.772903,-088.239193
017061,39.368918,-090.371192
017063,41.349990,-088.344624
017065,38.091614,-088.558979
017067,40.425023,-091.202357
017069,37.478271,-088.295955
017071,40.824767,-090.944727
017073,41.350891,-090.135800
017075,40.762253,-087.838453
017077,37.750199,-089.277101
017079,39.003923,-088.162638
017081,38.311195,-088.911598
017083,39.075249,-090.319327
017085,42.411305,-090.308466
017087,37.470122,-088.876484
017089,41.928443,-088.335420
017091,41.150459,-087.851699
017093,41.660760,-088.375603
017095,40.937986,-090.327754
017097,42.311645,-087.970527
017099,41.354304,-088.895139
017101,38.718154,-087.745966
017103,41.812143,-089.401894
017105,40.901840,-088.576241
017107,40.141565,-089.361411
017109,40.469965,-090.667814
017111,42.270305,-088.351365
017113,40.493799,-088.953797
017115,39.850646,-088.946554
017117,39.191697,-089.877091
017119,38.801004,-090.012645
017121,38.590624,-089.016141
017123,41.043266,-089.316199
017125,40.286175,-089.899393
017127,37.180880,-088.717761
017129,39.996935,-089.799159
017131,41.214503,-090.686612
017133,38.362245,-090.171982
017135,39.198374,-089.507428
017137,39.717059,-090.228380
017139,39.631716,-088.612657
017141,42.028664,-089.254030
017143,40.746692,-089.639949
017145,38.057689,-089.322400
017147,40.008986,-088.581901
017149,39.621897,-090.861323
017151,37.400771,-088.555783
017153,37.198544,-089.130564
017155,41.230538,-089.268100
017157,38.061445,-089.809741
017159,38.725443,-088.087850
017161,41.489119,-090.502512
017163,38.548186,-089.990225
017165,37.753419,-088.538134
017167,39.771106,-089.654882
017169,40.130099,-090.568789
017171,39.645952,-090.461992
017173,39.399379,-088.800594
017175,41.098391,-089.791981
017177,42.324957,-089.643639
017179,40.605153,-089.530221
017181,37.469028,-089.234288
017183,40.151056,-087.655499
017185,38.431889,-087.788862
017187,40.890671,-090.636753
017189,38.360726,-089.395405
017191,38.408213,-088.421765
017193,38.088921,-088.196465
017195,41.781958,-089.825250
017197,41.565502,-088.058558
017199,37.754392,-088.976636
017201,42.308321,-089.060442
017203,40.769160,-089.291630
018001,40.749532,-084.934318
018003,41.100842,-085.125233
018005,39.215015,-085.905294
018007,40.576258,-087.291866
018009,40.468109,-085.345621
018011,40.004643,-086.383249
018013,39.236665,-086.208688
018015,40.579184,-086.601213
018017,40.747129,-086.338974
018019,38.373412,-085.732548
018021,39.469332,-087.123964
018023,40.297795,-086.513556
018025,38.315739,-086.422116
018027,38.697526,-087.096158
018029,39.146760,-084.920533
018031,39.320693,-085.493081
018033,41.377157,-085.034535
018035,40.205240,-085.402908
018037,38.358680,-086.915674
018039,41.637245,-085.905688
018041,39.640370,-085.147252
018043,38.322230,-085.857888
018045,40.149410,-087.274375
018047,39.398519,-085.070967
018049,41.059339,-086.217151
018051,38.305848,-087.549447
018053,40.525256,-085.644184
018055,39.052523,-086.994152
018057,40.001506,-086.057612
018059,39.815247,-085.829626
018061,38.234174,-086.098168
018063,39.773147,-086.411080
018065,39.928844,-085.403738
018067,40.470296,-086.133562
018069,40.869855,-085.486182
018071,38.928711,-085.936294
018073,41.082454,-087.150606
018075,40.430767,-085.028696
018077,38.758699,-085.433151
018079,39.005508,-085.649705
018081,39.555913,-086.115187
018083,38.699306,-087.454832
018085,41.267835,-085.830509
018087,41.632874,-085.467264
018089,41.518998,-087.407505
018091,41.632279,-086.791226
018093,38.847818,-086.495942
018095,40.113496,-085.708800
018097,39.788896,-086.136268
018099,41.347653,-086.272256
018101,38.679659,-086.850513
018103,40.729384,-086.076111
018105,39.162275,-086.538570
018107,40.034526,-086.900580
018109,39.512934,-086.399124
018111,40.999168,-087.380490
018113,41.415849,-085.388959
018115,38.954376,-084.909987
018117,38.562253,-086.495955
018119,39.314578,-086.798175
018121,39.757908,-087.225163
018123,38.008616,-086.705505
018125,38.427019,-087.233088
018127,41.513979,-087.104333
018129,38.012717,-087.819868
018131,41.051366,-086.684796
018133,39.646449,-086.834304
018135,40.169491,-084.996903
018137,39.160663,-085.219308
018139,39.622090,-085.475672
018141,41.676420,-086.227079
018143,38.697942,-085.764092
018145,39.535011,-085.790065
018147,38.019216,-087.009078
018149,41.281734,-086.632742
018151,41.650003,-085.010961
018153,39.103793,-087.393185
018155,38.816976,-085.023673
018157,40.418699,-086.886959
018159,40.307543,-086.051278
018161,39.618364,-084.919464
018163,37.998233,-087.549603
018165,39.759924,-087.439022
018167,39.460456,-087.386916
018169,40.855768,-085.804210
018171,40.312721,-087.325412
018173,38.011051,-087.355616
018175,38.573362,-086.084553
018177,39.843304,-084.948672
018179,40.770773,-085.192988
018181,40.753581,-086.809953
018183,41.163050,-085.478007
019001,41.347726,-094.478337
019003,41.007205,-094.708824
019005,43.252971,-091.424760
019007,40.741265,-092.864741
019009,41.675888,-094.925428
019011,42.063318,-092.013283
019013,42.490207,-092.371790
019015,42.026222,-093.892211
019017,42.740346,-092.380697
019019,42.485130,-091.901131
019021,42.676707,-095.184296
019023,42.701602,-092.758281
019025,42.397770,-094.623179
019027,42.039462,-094.867701
019029,41.366511,-094.977692
019031,41.756011,-091.140408
019033,43.135216,-093.246108
019035,42.751225,-095.591928
019037,43.038731,-092.342847
019039,41.034767,-093.783479
019041,43.127358,-095.159344
019043,42.860684,-091.321147
019045,41.852141,-090.341168
019047,42.026692,-095.357436
019049,41.630722,-093.900543
019051,40.762546,-092.418316
019053,40.712300,-093.817156
019055,42.481630,-091.383936
019057,40.835280,-091.143256
019059,43.388950,-095.134559
019061,42.493173,-090.762214
019063,43.395995,-094.758270
019065,42.821543,-091.855739
019067,43.075228,-092.751434
019069,42.754609,-093.239282
019071,40.753741,-095.616798
019073,42.029106,-094.379863
019075,42.380480,-092.747282
019077,41.665841,-094.427696
019079,42.406603,-093.767427
019081,43.092315,-093.702667
019083,42.436346,-093.217038
019085,41.662599,-095.804583
019087,40.977985,-091.536884
019089,43.361965,-092.229351
019091,42.746569,-094.216619
019093,42.393275,-095.505465
019095,41.701018,-092.039155
019097,42.141479,-090.567662
019099,41.678059,-093.071440
019101,41.012603,-091.965861
019103,41.683586,-091.561276
019105,42.138136,-091.200472
019107,41.324433,-092.175248
019109,43.143301,-094.221432
019111,40.560697,-091.397062
019113,42.008474,-091.648394
019115,41.225335,-091.262686
019117,41.022123,-093.312466
019119,43.385476,-096.227291
019121,41.348667,-093.986790
019123,41.311761,-092.642105
019125,41.357267,-093.041728
019127,42.030436,-092.938199
019129,41.050907,-095.693715
019131,43.334549,-092.806056
019133,42.062617,-095.988925
019135,41.033760,-092.825189
019137,41.009252,-095.169693
019139,41.465515,-091.077753
019141,43.129233,-095.695310
019143,43.387203,-095.680981
019145,40.746972,-095.187340
019147,43.101085,-094.688525
019149,42.748026,-096.203040
019151,42.744041,-094.706993
019153,41.630968,-093.640165
019155,41.278446,-095.793850
019157,41.712451,-092.624939
019159,40.737978,-094.237097
019161,42.375250,-095.089609
019163,41.564700,-090.562678
019165,41.662625,-095.323280
019167,43.080798,-096.167993
019169,42.025132,-093.604948
019171,42.062414,-092.544134
019173,40.753586,-094.679839
019175,41.054759,-094.318334
019177,40.744224,-091.942474
019179,41.016420,-092.418899
019181,41.406850,-093.595647
019183,41.365129,-091.694180
019185,40.733313,-093.304108
019187,42.481229,-094.179496
019189,43.341507,-093.663913
019191,43.281109,-091.813207
019193,42.483312,-096.345995
019195,43.369396,-093.250437
019197,42.732976,-093.756305
020001,37.896944,-095.369306
020003,38.251802,-095.263224
020005,39.555375,-095.179193
020007,37.211912,-098.557723
020009,38.396456,-098.758290
020011,37.845974,-094.749672
020013,39.805025,-095.551801
020015,37.725409,-096.998490
020017,38.358225,-096.558338
020019,37.115752,-096.228059
020021,37.114832,-094.751725
020023,39.769323,-101.738091
020025,37.295814,-099.886429
020027,39.354338,-097.122448
020029,39.534860,-097.635801
020031,38.249077,-095.741609
020033,37.233664,-099.373213
020035,37.174610,-096.998360
020037,37.438265,-094.729385
020039,39.804239,-100.484373
020041,38.886002,-097.152074
020043,39.787452,-095.071424
020045,38.942493,-095.254186
020047,37.913198,-099.352782
020049,37.423675,-096.239085
020051,38.882206,-099.330542
020053,38.725437,-098.268058
020055,37.977246,-100.863047
020057,37.753005,-099.995523
020059,38.603542,-095.260357
020061,39.040483,-096.838824
020063,39.047079,-100.377754
020065,39.358244,-099.855627
020067,37.580299,-101.351338
020069,37.724149,-100.412286
020071,38.483553,-101.758084
020073,37.861919,-096.224613
020075,37.980580,-101.760582
020077,37.215327,-098.049879
020079,38.046143,-097.385867
020081,37.495004,-100.890211
020083,38.085859,-099.860131
020085,39.402317,-095.752834
020087,39.210953,-095.397523
020089,39.777617,-098.198892
020091,38.924919,-094.740299
020093,37.951539,-101.241680
020095,37.610273,-098.098011
020097,37.595999,-099.252339
020099,37.259841,-095.262384
020101,38.504038,-100.483419
020103,39.235130,-094.959527
020105,39.035019,-098.186201
020107,38.239619,-094.800976
020109,39.095504,-100.926327
020111,38.416221,-096.179070
020113,38.382645,-097.646719
020115,38.324754,-097.127529
020117,39.800328,-096.573926
020119,37.292243,-100.396872
020121,38.595195,-094.831050
020123,39.454260,-098.175033
020125,37.143443,-095.693873
020127,38.694354,-096.580850
020129,37.043232,-101.840026
020131,39.829395,-095.966260
020133,37.623786,-095.396134
020135,38.488254,-099.897744
020137,39.823510,-099.876765
020139,38.699173,-095.713137
020141,39.425897,-098.705316
020143,39.096393,-097.682422
020145,38.179763,-099.146958
020147,39.759487,-099.348621
020149,39.251723,-096.332282
020151,37.644800,-098.730599
020153,39.807173,-101.050348
020155,38.051646,-097.931942
020157,39.817924,-097.659071
020159,38.320405,-098.199874
020161,39.190165,-096.632706
020163,39.321747,-099.314061
020165,38.527826,-099.281206
020167,38.904218,-098.830652
020169,38.814764,-097.605554
020171,38.481574,-100.913143
020173,37.680269,-097.344390
020175,37.051086,-100.918735
020177,39.034789,-095.706417
020179,39.368138,-100.463405
020181,39.350878,-101.726045
020183,39.770601,-098.805608
020185,38.005058,-098.733831
020187,37.565287,-101.757372
020189,37.187133,-101.322543
020191,37.303365,-097.406786
020193,39.384656,-101.050191
020195,39.003748,-099.881416
020197,38.989695,-096.178582
020199,38.885844,-101.761616
020201,39.779332,-097.048861
020203,38.494575,-101.349645
020205,37.511463,-095.739717
020207,37.876071,-095.735035
020209,39.106038,-094.712818
021001,37.107461,-085.279650
021003,36.750241,-086.210149
021005,38.027990,-084.925693
021007,37.043623,-088.976992
021009,36.995285,-085.932182
021011,38.138475,-083.740600
021013,36.680825,-083.704390
021015,38.984893,-084.678985
021017,38.203999,-084.246703
021019,38.432179,-082.666251
021021,37.637853,-084.796823
021023,38.701217,-084.072685
021025,37.518699,-083.377385
021027,37.769799,-086.408122
021029,38.023787,-085.651771
021031,37.217537,-086.677714
021033,37.125484,-087.878812
021035,36.621007,-088.306090
021037,39.032376,-084.439251
021039,36.855639,-088.946346
021041,38.669245,-085.140741
021043,38.314087,-083.034886
021045,37.301616,-084.925995
021047,36.809040,-087.477832
021049,37.986421,-084.182808
021051,37.168974,-083.750091
021053,36.715915,-085.134470
021055,37.332230,-088.095012
021057,36.782421,-085.389733
021059,37.747426,-087.095079
021061,37.192292,-086.253259
021063,38.122978,-083.108689
021065,37.707053,-083.991846
021067,38.020293,-084.494410
021069,38.388852,-083.709683
021071,37.558551,-082.739600
021073,38.195361,-084.867165
021075,36.538105,-089.037115
021077,38.764935,-084.841609
021079,37.650333,-084.575237
021081,38.689224,-084.602905
021083,36.742207,-088.650736
021085,37.471252,-086.304570
021087,37.265986,-085.538884
021089,38.554360,-082.809161
021091,37.868547,-086.805118
021093,37.743564,-085.915853
021095,36.866097,-083.233800
021097,38.414072,-084.314294
021099,37.280435,-085.887770
021101,37.817983,-087.564508
021103,38.431400,-085.180752
021105,36.664413,-088.956556
021107,37.308856,-087.522010
021109,37.400575,-083.992381
021111,38.201451,-085.686227
021113,37.886869,-084.585371
021115,37.830575,-082.817074
021117,39.011065,-084.549073
021119,37.328988,-082.942351
021121,36.902733,-083.921054
021123,37.542807,-085.723159
021125,37.091997,-084.087505
021127,38.081027,-082.677508
021129,37.590698,-083.702693
021131,37.115702,-083.376004
021133,37.146816,-082.807202
021135,38.564104,-083.350474
021137,37.473364,-084.670402
021139,37.133064,-088.351386
021141,36.859958,-086.862831
021143,37.065485,-088.079475
021145,37.049300,-088.649871
021147,36.713019,-084.447417
021149,37.515540,-087.221398
021151,37.706850,-084.286707
021153,37.733397,-083.057067
021155,37.570127,-085.284420
021157,36.897003,-088.340000
021159,37.835468,-082.516965
021161,38.616511,-083.789096
021163,37.934417,-086.134606
021165,37.945275,-083.595979
021167,37.785035,-084.848910
021169,36.990976,-085.640950
021171,36.707799,-085.723364
021173,38.037988,-083.918227
021175,37.914473,-083.268972
021177,37.238076,-087.146244
021179,37.820783,-085.459500
021181,38.324558,-084.022987
021183,37.464465,-086.864757
021185,38.372614,-085.459227
021187,38.530989,-084.831041
021189,37.452440,-083.684820
021191,38.715312,-084.359242
021193,37.258818,-083.200329
021195,37.463914,-082.427235
021197,37.850736,-083.880539
021199,37.092197,-084.614379
021201,38.520923,-084.051005
021203,37.380897,-084.351176
021205,38.194754,-083.444323
021207,37.030799,-085.058512
021209,38.230636,-084.568282
021211,38.212966,-085.232221
021213,36.732484,-086.571947
021215,38.063130,-085.350311
021217,37.350286,-085.342524
021219,36.812095,-087.173233
021221,36.845549,-087.834907
021223,38.619320,-085.332070
021225,37.652277,-087.929907
021227,36.966984,-086.435814
021229,37.738166,-085.192752
021231,36.838184,-084.845965
021233,37.502386,-087.681920
021235,36.814087,-084.141533
021237,37.739826,-083.509721
021239,38.048373,-084.726705
022001,30.281563,-092.350979
022003,30.669442,-092.779523
022005,30.254386,-090.934071
022007,29.921462,-091.065832
022009,31.057263,-092.067528
022011,30.723548,-093.282544
022013,32.384335,-093.079008
022015,32.560816,-093.659046
022017,32.468933,-093.799166
022019,30.225067,-093.257749
022021,32.073032,-092.104629
022023,29.957136,-093.210852
022025,31.694978,-091.820047
022027,32.826371,-093.033201
022029,31.592181,-091.546320
022031,32.121308,-093.778274
022033,30.460289,-091.100064
022035,32.761788,-091.184557
022037,30.820502,-091.090607
022039,30.690294,-092.361575
022041,32.147658,-091.695666
022043,31.530198,-092.538082
022045,29.994242,-091.809640
022047,30.271035,-091.232013
022049,32.283184,-092.643112
022051,29.945816,-090.152287
022053,30.241059,-092.746247
022055,30.198103,-092.042199
022057,29.690273,-090.633960
022059,31.726006,-092.169540
022061,32.549640,-092.645045
022063,30.482370,-090.843081
022065,32.397655,-091.197847
022067,32.785896,-091.888300
022069,31.757091,-093.097411
022071,29.975765,-090.052950
022073,32.516411,-092.131922
022075,29.725872,-089.903288
022077,30.664814,-091.494700
022079,31.286365,-092.455373
022081,32.054844,-093.305191
022083,32.440206,-091.718715
022085,31.578134,-093.564477
022087,29.930597,-089.937239
022089,29.938265,-090.376212
022091,30.786666,-090.693517
022093,30.020844,-090.736618
022095,30.072182,-090.511201
022097,30.510054,-092.112737
022099,30.231079,-091.837350
022101,29.738031,-091.339006
022103,30.386943,-089.961836
022105,30.561076,-090.449002
022107,31.960595,-091.298951
022109,29.596256,-090.725647
022111,32.788831,-092.398543
022113,29.998731,-092.161801
022115,31.094560,-093.247140
022117,30.839568,-090.004103
022119,32.699031,-093.338052
022121,30.436753,-091.266575
022123,32.827035,-091.427421
022125,30.888343,-091.442588
022127,31.930579,-092.677910
023001,44.117226,-070.202081
023003,46.701279,-068.088411
023005,43.746359,-070.305033
023007,44.707406,-070.225872
023009,44.471045,-068.468176
023011,44.395615,-069.748924
023013,44.132937,-069.161632
023015,44.034295,-069.553445
023017,44.279251,-070.614092
023019,44.944506,-068.797457
023021,45.242664,-069.256031
023023,43.956844,-069.871506
023025,44.820189,-069.685098
023027,44.490051,-069.086158
023029,44.861852,-067.465950
023031,43.422532,-070.640150
024001,39.628458,-078.820665
024003,39.071038,-076.604417
024005,39.368834,-076.620325
024009,38.551108,-076.544070
024011,38.873476,-075.830203
024013,39.526206,-076.993056
024015,39.614177,-075.936285
024017,38.581470,-076.951519
024019,38.571271,-076.011658
024021,39.427679,-077.400605
024023,39.513240,-079.305826
024025,39.520613,-076.309261
024027,39.217658,-076.854298
024029,39.244676,-076.057670
024031,39.087069,-077.124126
024033,38.909313,-076.888689
024035,39.021381,-076.149985
024037,38.307223,-076.577954
024039,38.133060,-075.742151
024041,38.768500,-076.098027
024043,39.618688,-077.731480
024045,38.372255,-075.593756
024047,38.303610,-075.234513
024510,39.314378,-076.618104
025001,41.692343,-070.328659
025003,42.456888,-073.218336
025005,41.794278,-071.109451
025007,41.419712,-070.603310
025009,42.625306,-070.991432
025011,42.578152,-072.559152
025013,42.125554,-072.574333
025015,42.312741,-072.572165
025017,42.447845,-071.254598
025019,41.267216,-070.089225
025021,42.202442,-071.146359
025023,42.023677,-070.855576
025025,42.336102,-071.077148
025027,42.303377,-071.802715
026001,44.668106,-083.465560
026003,46.384467,-086.711752
026005,42.608445,-085.871027
026007,45.050588,-083.502895
026009,44.978317,-085.198554
026011,44.044452,-083.884489
026013,46.766517,-088.450012
026015,42.618511,-085.349392
026017,43.629992,-083.929196
026019,44.651834,-086.011382
026021,41.985704,-086.406377
026023,41.929177,-085.030705
026025,42.289631,-085.106049
026027,41.892277,-086.040504
026029,45.244536,-085.111010
026031,45.511041,-084.521080
026033,46.365585,-084.396326
026035,43.944384,-084.825685
026037,42.886259,-084.554280
026039,44.657052,-084.668957
026041,45.801912,-087.065752
026043,45.832994,-088.014029
026045,42.645094,-084.739621
026047,45.432042,-084.910442
026049,43.002399,-083.693809
026051,43.968003,-084.439806
026053,46.446365,-089.992958
026055,44.713441,-085.613028
026057,43.344130,-084.631259
026059,41.916883,-084.605231
026061,47.127331,-088.541770
026063,43.832366,-083.063027
026065,42.688382,-084.486253
026067,42.957003,-085.086727
026069,44.357042,-083.532361
026071,46.099565,-088.537640
026073,43.608534,-084.803450
026075,42.241802,-084.406618
026077,42.262549,-085.586372
026079,44.720582,-085.164963
026081,42.961776,-085.625638
026083,47.336126,-088.289269
026085,43.957210,-085.799431
026087,43.058194,-083.249396
026089,44.906992,-085.730072
026091,41.926112,-084.052777
026093,42.575026,-083.856466
026095,46.335663,-085.561350
026097,45.997314,-084.881331
026099,42.589118,-082.957895
026101,44.306321,-086.185294
026103,46.486717,-087.492759
026105,43.974550,-086.346719
026107,43.650863,-085.382191
026109,45.342064,-087.579801
026111,43.643318,-084.296349
026113,44.307677,-085.179858
026115,41.901664,-083.486421
026117,43.283564,-085.172737
026119,44.997449,-084.125910
026121,43.243847,-086.214941
026123,43.466224,-085.811272
026125,42.586862,-083.314039
026127,43.632662,-086.305778
026129,44.286618,-084.127345
026131,46.718929,-089.288199
026133,43.965434,-085.357843
026135,44.701471,-084.148370
026137,45.006949,-084.666769
026139,42.911054,-086.015862
026141,45.356976,-083.868249
026143,44.364342,-084.650133
026145,43.399088,-083.996446
026147,42.912215,-082.563457
026149,41.887521,-085.526887
026151,43.365189,-082.782963
026153,46.006087,-086.226826
026155,42.942704,-084.147876
026157,43.429916,-083.433939
026159,42.260186,-086.001338
026161,42.257602,-083.726939
026163,42.329477,-083.226321
026165,44.309686,-085.486553
027001,46.570797,-093.529980
027003,45.195033,-093.269315
027005,46.846984,-095.781108
027007,47.585267,-094.863330
027009,45.634664,-094.104350
027011,45.395362,-096.446286
027013,44.133623,-093.994417
027015,44.285144,-094.591760
027017,46.644206,-092.532283
027019,44.836919,-093.679267
027021,46.817725,-094.417932
027023,44.961846,-095.618298
027025,45.452093,-092.924032
027027,46.855003,-096.673903
027029,47.559971,-095.388788
027031,47.790102,-090.339448
027033,43.938574,-095.120928
027035,46.430863,-094.162322
027037,44.763244,-093.154642
027039,44.030082,-092.805954
027041,45.907933,-095.389465
027043,43.682751,-093.954993
027045,43.696271,-092.081754
027047,43.662772,-093.361666
027049,44.446353,-092.666570
027051,45.948536,-095.931474
027053,44.976697,-093.361233
027055,43.720423,-091.438661
027057,47.058441,-094.933356
027059,45.542718,-093.259775
027061,47.315009,-093.521135
027063,43.665360,-095.109576
027065,45.885216,-093.297994
027067,45.154628,-095.017492
027069,48.729252,-096.776630
027071,48.510977,-093.489801
027073,44.982404,-096.130868
027075,47.186485,-091.560751
027077,48.769541,-094.744612
027079,44.396810,-093.716142
027081,44.373948,-096.252306
027083,44.428528,-095.796682
027085,44.859670,-094.264775
027087,47.300158,-095.837513
027089,48.306927,-096.530084
027091,43.665559,-094.509350
027093,45.136287,-094.481246
027095,45.790781,-093.623033
027097,45.984633,-094.329081
027099,43.665401,-092.901937
027101,43.982392,-095.740801
027103,44.265352,-094.058378
027105,43.635008,-095.663888
027107,47.308519,-096.484363
027109,44.024514,-092.476238
027111,46.408729,-095.789225
027113,48.102851,-096.147968
027115,46.030418,-092.894181
027117,43.980739,-096.268335
027119,47.783873,-096.562798
027121,45.630228,-095.439435
027123,44.992910,-093.105650
027125,47.875652,-096.132058
027127,44.440045,-095.189914
027129,44.721227,-094.942285
027131,44.372673,-093.261650
027133,43.648084,-096.237081
027135,48.824430,-095.646717
027137,47.078425,-092.307366
027139,44.714553,-093.466447
027141,45.402446,-093.718866
027143,44.582520,-094.165538
027145,45.559158,-094.355044
027147,44.065860,-093.214616
027149,45.577955,-095.921798
027151,45.272889,-095.637582
027153,46.065805,-094.889142
027155,45.751962,-096.547312
027157,44.298281,-092.218760
027159,46.527380,-095.044753
027161,44.062525,-093.551329
027163,44.985726,-092.921431
027165,43.992768,-094.583590
027167,46.316429,-096.525623
027169,44.023673,-091.718459
027171,45.199091,-093.818147
027173,44.737396,-095.830115
028001,31.545814,-091.354340
028003,34.909527,-088.529805
028005,31.187109,-090.807611
028007,33.065276,-089.589172
028009,34.813848,-089.203932
028011,33.771865,-090.768825
028013,33.930069,-089.309537
028015,33.461770,-089.919301
028017,33.930850,-088.938910
028019,33.339222,-089.234179
028021,31.931505,-090.950731
028023,32.067249,-088.731696
028025,33.624883,-088.693000
028027,34.220105,-090.570360
028029,31.893381,-090.378623
028031,31.634654,-089.546964
028033,34.927389,-089.949653
028035,31.309279,-089.287954
028037,31.471678,-090.866734
028039,30.868417,-088.590917
028041,31.195402,-088.629422
028043,33.767560,-089.803438
028045,30.379142,-089.404092
028047,30.434161,-089.063779
028049,32.304046,-090.257000
028051,33.089593,-090.028731
028053,33.164116,-090.518897
028055,32.889296,-091.018573
028057,34.289689,-088.404342
028059,30.443696,-088.668630
028061,31.961091,-089.144805
028063,31.714009,-091.057536
028065,31.575445,-089.816038
028067,31.667175,-089.167194
028069,32.763776,-088.672958
028071,34.359415,-089.526750
028073,31.273921,-089.439932
028075,32.401267,-088.692876
028077,31.553787,-090.110558
028079,32.733654,-089.510973
028081,34.278226,-088.703819
028083,33.513518,-090.203416
028085,31.549270,-090.457896
028087,33.520258,-088.389424
028089,32.509875,-090.104845
028091,31.245825,-089.830527
028093,34.816554,-089.544076
028095,33.926461,-088.499061
028097,33.496327,-089.682458
028099,32.755039,-089.120008
028101,32.415269,-089.129364
028103,33.132850,-088.549668
028105,33.448413,-088.825442
028107,34.345346,-089.934868
028109,30.640759,-089.631685
028111,31.262146,-088.992608
028113,31.219047,-090.435044
028115,34.253564,-089.015136
028117,34.632609,-088.552077
028119,34.267733,-090.263230
028121,32.281333,-090.030487
028123,32.401640,-089.529579
028125,32.921684,-090.862626
028127,31.915898,-089.855744
028129,31.970107,-089.504515
028131,30.806397,-089.135849
028133,33.593307,-090.584134
028135,33.984159,-090.182077
028137,34.644191,-089.948269
028139,34.765765,-088.924324
028141,34.730586,-088.228294
028143,34.720692,-090.341396
028145,34.483103,-089.010519
028147,31.150842,-090.122962
028149,32.324815,-090.843777
028151,33.369011,-091.010780
028153,31.650518,-088.662531
028155,33.582804,-089.220716
028157,31.123212,-091.245215
028159,33.084971,-089.042025
028161,34.081548,-089.694995
028163,32.829241,-090.382180
029001,40.195278,-092.581512
029003,39.919858,-094.816600
029005,40.420914,-095.436109
029007,39.203899,-091.826614
029009,36.737459,-093.865725
029011,37.495949,-094.305362
029013,38.280773,-094.362779
029015,38.301006,-093.310017
029017,37.340708,-089.999696
029019,38.956712,-092.321624
029021,39.750709,-094.819825
029023,36.756985,-090.417972
029025,39.663863,-093.998899
029027,38.797548,-091.997518
029029,38.073064,-092.746042
029031,37.355235,-089.607695
029033,39.408302,-093.496539
029035,36.947475,-090.885719
029037,38.751052,-094.424307
029039,37.765491,-093.895266
029041,39.486142,-092.931479
029043,37.027878,-093.264355
029045,40.412112,-091.708614
029047,39.252956,-094.497328
029049,39.602433,-094.367454
029051,38.552550,-092.220619
029053,38.910060,-092.772757
029055,38.061879,-091.321648
029057,37.415382,-093.824927
029059,37.643751,-093.066641
029061,39.938229,-093.980672
029063,39.825582,-094.354573
029065,37.631372,-091.545105
029067,36.940662,-092.603414
029069,36.324914,-090.058119
029071,38.436356,-090.998977
029073,38.446364,-091.490137
029075,40.203737,-094.432825
029077,37.192242,-093.309507
029079,40.093264,-093.595770
029081,40.315594,-094.001268
029083,38.394287,-093.737690
029085,37.911050,-093.329051
029087,40.084331,-095.185877
029089,39.140559,-092.704460
029091,36.792561,-091.873718
029093,37.578019,-090.713802
029095,39.009980,-094.444287
029097,37.129578,-094.444125
029099,38.340859,-090.475056
029101,38.758577,-093.770288
029103,40.155205,-092.154081
029105,37.669688,-092.653795
029107,39.055172,-093.842193
029109,37.034976,-093.799734
029111,40.089160,-091.641748
029113,38.996776,-090.929751
029115,39.797177,-093.066695
029117,39.798080,-093.553067
029119,36.615343,-094.399016
029121,39.796483,-092.508120
029123,37.539522,-090.299752
029125,38.170013,-091.878849
029127,39.741435,-091.457393
029129,40.415018,-093.579508
029131,38.246362,-092.508970
029133,36.856032,-089.368458
029135,38.627456,-092.611037
029137,39.524752,-091.966322
029139,38.948967,-091.467436
029141,38.383773,-092.850980
029143,36.612845,-089.651942
029145,36.921726,-094.414367
029147,40.352259,-094.868321
029149,36.614979,-091.473870
029151,38.455126,-091.884527
029153,36.623314,-092.421851
029155,36.179974,-089.744692
029157,37.713861,-089.857860
029159,38.701441,-093.247496
029161,37.943357,-091.747022
029163,39.362999,-091.160041
029165,39.260346,-094.683735
029167,37.602027,-093.404435
029169,37.822042,-092.175732
029171,40.483035,-092.984514
029173,39.579823,-091.469172
029175,39.413737,-092.451801
029177,39.336637,-094.062098
029179,37.329000,-090.970144
029181,36.626945,-090.790679
029183,38.778572,-090.671284
029185,38.057169,-093.763876
029186,37.940830,-090.165655
029187,37.834497,-090.488054
029189,38.644521,-090.389519
029195,39.111399,-093.202654
029197,40.461863,-092.520354
029199,40.448060,-092.151796
029201,37.015235,-089.577539
029203,37.068998,-091.432915
029205,39.761716,-092.077250
029207,36.847864,-089.970872
029209,36.723445,-093.437769
029211,40.214930,-093.101593
029213,36.657085,-093.195143
029215,37.330114,-091.966146
029217,37.836794,-094.337390
029219,38.790363,-091.098557
029221,37.953782,-090.785794
029223,37.109113,-090.523545
029225,37.262940,-092.906843
029227,40.481643,-094.437082
029229,37.193283,-092.433272
029510,38.620558,-090.253332
030001,45.225028,-112.693549
030003,45.568552,-107.499673
030005,48.432419,-108.871588
030007,46.281619,-111.543362
030009,45.322269,-109.084845
030011,45.687353,-104.525341
030013,47.491558,-111.306586
030015,47.962552,-110.386252
030017,46.401678,-105.814642
030019,48.783637,-105.431739
030021,47.137216,-104.748806
030023,46.135851,-112.955566
030025,46.360506,-104.316077
030027,47.092022,-109.414600
030029,48.247380,-114.280930
030031,45.682956,-111.128767
030033,47.309975,-106.946674
030035,48.601084,-112.803122
030037,46.297881,-109.120778
030039,46.445392,-113.319927
030041,48.511678,-109.767061
030043,46.268426,-112.045462
030045,47.094038,-110.171269
030047,47.608393,-114.123168
030049,46.646621,-112.019644
030051,48.538044,-110.985198
030053,48.553306,-115.426490
030055,47.569721,-105.638886
030057,45.419014,-111.922649
030059,46.529828,-110.881517
030061,47.182752,-114.894335
030063,46.875546,-114.021512
030065,46.420108,-108.483111
030067,45.604896,-110.596931
030069,47.012154,-108.317862
030071,48.367246,-107.866550
030073,48.211424,-112.157767
030075,45.438494,-105.544609
030077,46.450646,-112.757979
030079,46.809714,-105.276222
030081,46.358548,-114.111357
030083,47.720720,-104.204227
030085,48.134392,-105.212553
030087,45.902894,-106.612238
030089,47.635009,-115.175789
030091,48.734101,-104.493670
030093,45.987460,-112.525517
030095,45.615383,-109.238178
030097,45.829391,-109.916510
030099,47.762524,-112.039341
030101,48.578065,-111.850473
030103,46.247085,-107.247111
030105,48.236249,-106.541586
030107,46.454552,-109.845461
030109,46.969955,-104.191241
030111,45.789945,-108.546051
031001,40.585501,-098.415180
031003,42.147054,-098.057377
031005,41.569368,-101.678874
031007,41.558824,-103.721644
031009,41.906138,-100.013369
031011,41.677314,-098.014023
031013,42.136678,-102.905215
031015,42.893569,-098.744830
031017,42.543087,-099.849627
031019,40.737756,-099.072828
031021,41.845218,-096.347791
031023,41.247435,-097.141745
031025,40.949471,-096.063719
031027,42.576739,-097.250958
031029,40.501955,-101.625629
031031,42.788407,-100.749694
031033,41.164852,-102.982567
031035,40.547589,-098.027882
031037,41.515594,-097.076357
031039,41.896856,-096.758441
031041,41.400577,-099.673936
031043,42.446864,-096.438647
031045,42.786274,-103.066332
031047,40.827351,-099.856676
031049,41.090929,-102.336520
031051,42.436803,-096.826061
031053,41.471288,-096.528637
031055,41.261730,-096.069741
031057,40.089487,-101.599270
031059,40.541248,-097.580053
031061,40.185987,-098.954540
031063,40.609996,-100.398828
031065,40.250813,-099.934116
031067,40.280866,-096.713556
031069,41.429505,-102.323863
031071,41.803658,-099.104124
031073,40.594430,-099.826842
031075,41.969597,-101.734576
031077,41.555312,-098.499420
031079,40.916340,-098.377793
031081,40.879505,-098.023002
031083,40.145347,-099.406335
031085,40.500842,-101.049757
031087,40.210950,-101.004675
031089,42.460461,-098.743792
031091,42.010663,-101.050551
031093,41.189170,-098.489627
031095,40.164225,-097.141688
031097,40.401098,-096.227732
031099,40.507252,-098.992180
031101,41.141819,-101.699800
031103,42.868932,-099.717406
031105,41.231296,-103.661580
031107,42.624210,-097.782589
031109,40.799269,-096.671536
031111,41.119294,-100.789525
031113,41.499176,-100.507661
031115,41.832646,-099.416371
031117,41.560427,-101.004858
031119,42.006360,-097.461443
031121,41.130786,-098.037243
031123,41.708586,-103.162925
031125,41.404591,-097.896242
031127,40.401975,-095.839188
031129,40.114628,-098.061800
031131,40.670824,-096.036880
031133,40.133204,-096.177346
031135,40.844891,-101.675458
031137,40.466361,-099.404540
031139,42.259529,-097.591612
031141,41.466970,-097.385528
031143,41.173605,-097.556720
031145,40.206742,-100.592097
031147,40.099879,-095.669705
031149,42.536738,-099.499863
031151,40.579217,-097.016896
031153,41.152889,-096.043700
031155,41.195383,-096.560061
031157,41.865094,-103.680393
031159,40.875087,-097.102308
031161,42.704794,-102.404074
031163,41.228647,-098.968633
031165,42.408762,-103.833171
031167,41.985101,-097.255038
031169,40.178256,-097.628078
031171,41.967138,-100.565595
031173,42.161934,-096.522459
031175,41.573672,-098.948914
031177,41.504682,-096.156611
031179,42.223628,-097.056303
031181,40.195862,-098.486606
031183,41.885209,-098.545473
031185,40.863485,-097.605023
032001,39.474469,-118.796052
032003,36.141141,-115.152976
032005,38.957468,-119.756218
032007,40.856303,-115.534273
032009,37.704407,-117.670635
032011,39.946993,-116.209128
032013,41.017558,-117.744296
032015,40.498460,-116.949528
032017,37.710093,-114.626444
032019,39.355756,-119.327152
032021,38.601613,-118.643399
032023,36.414296,-116.125667
032027,40.334654,-118.294224
032029,39.389828,-119.622432
032031,39.534488,-119.793527
032033,39.278317,-114.875458
032510,39.166096,-119.754080
033001,43.518179,-071.439516
033003,43.810093,-071.170079
033005,42.897949,-072.260597
033007,44.544534,-071.363600
033009,43.837440,-071.957176
033011,42.879412,-071.531546
033013,43.244048,-071.586768
033015,42.937487,-071.105861
033017,43.246137,-070.954351
033019,43.370229,-072.256473
034001,39.428157,-074.584723
034003,40.916918,-074.056816
034005,39.983738,-074.836627
034007,39.863128,-075.026364
034009,39.096879,-074.806953
034011,39.431713,-075.089600
034013,40.767919,-074.216055
034015,39.748752,-075.130305
034017,40.741644,-074.061448
034019,40.572604,-074.895969
034021,40.255387,-074.699450
034023,40.484409,-074.388583
034025,40.291180,-074.148590
034027,40.859148,-074.500310
034029,39.978586,-074.215904
034031,40.923998,-074.189868
034033,39.627242,-075.378171
034035,40.559937,-074.578391
034037,41.090477,-074.655456
034039,40.659355,-074.293688
034041,40.794655,-075.014893
035001,35.109462,-106.617779
035003,33.958709,-108.531494
035005,33.365668,-104.514733
035006,35.107009,-107.818849
035007,36.698075,-104.656615
035009,34.421082,-103.213229
035011,34.460693,-104.247994
035013,32.248370,-106.728836
035015,32.538156,-104.288595
035017,32.781053,-108.243210
035019,34.932588,-104.764455
035021,35.853043,-103.978557
035023,32.286524,-108.771223
035025,32.751720,-103.190527
035027,33.419573,-105.631108
035028,35.869176,-106.272314
035029,32.223031,-107.741875
035031,35.513228,-108.634281
035033,36.004180,-105.237070
035035,32.778517,-106.000317
035037,35.178327,-103.662364
035039,36.203984,-106.205155
035041,34.168551,-103.347539
035043,35.319674,-106.649224
035045,36.723982,-108.220154
035047,35.576344,-105.307874
035049,35.632632,-106.004765
035051,33.106952,-107.281723
035053,34.154884,-106.960356
035055,36.435099,-105.607910
035057,34.870562,-106.102700
035059,36.468186,-103.265891
035061,34.755709,-106.722815
036001,42.680589,-073.811637
036003,42.228676,-078.020786
036005,40.849395,-073.882271
036007,42.120758,-075.936264
036009,42.223696,-078.608393
036011,42.938915,-076.560652
036013,42.245031,-079.314802
036015,42.120553,-076.813813
036017,42.480979,-075.568857
036019,44.729940,-073.542837
036021,42.274439,-073.680411
036023,42.595471,-076.146202
036025,42.248721,-074.996335
036027,41.678068,-073.841540
036029,42.891147,-078.792727
036031,44.168428,-073.676357
036033,44.717734,-074.351416
036035,43.058597,-074.329857
036037,42.998899,-078.171041
036039,42.298257,-073.978824
036041,43.612735,-074.385492
036043,43.071299,-074.994925
036045,44.019862,-075.895040
036047,40.651666,-073.954985
036049,43.788692,-075.449227
036051,42.769037,-077.762787
036053,42.986860,-075.719961
036055,43.160725,-077.618985
036057,42.932710,-074.344144
036059,40.716432,-073.603664
036061,40.776422,-073.967437
036063,43.134406,-078.851139
036065,43.146277,-075.355941
036067,43.067977,-076.167376
036069,42.902312,-077.266946
036071,41.419570,-074.239375
036073,43.249285,-078.224364
036075,43.392222,-076.311790
036077,42.564145,-075.060236
036079,41.410932,-073.718558
036081,40.721204,-073.834008
036083,42.699563,-073.631993
036085,40.589259,-074.136701
036087,41.127445,-074.022140
036089,44.652827,-075.147873
036091,43.007918,-073.784353
036093,42.809147,-073.945253
036095,42.643980,-074.435708
036097,42.389251,-076.869139
036099,42.828510,-076.827711
036101,42.264824,-077.319680
036103,40.823365,-073.103278
036105,41.698542,-074.698587
036107,42.121424,-076.298893
036109,42.459082,-076.478989
036111,41.841749,-074.098362
036113,43.392942,-073.711242
036115,43.289043,-073.460751
036117,43.143635,-077.130245
036119,41.038581,-073.805470
036121,42.722711,-078.209554
036123,42.634707,-077.078135
037001,36.071544,-079.413154
037003,35.889332,-081.193451
037005,36.497597,-081.106030
037007,34.974145,-080.110797
037009,36.413630,-081.487979
037011,36.076010,-081.939525
037013,35.521622,-076.961773
037015,36.081687,-076.962721
037017,34.609170,-078.643311
037019,34.041766,-078.216619
037021,35.585308,-082.551811
037023,35.731270,-081.641243
037025,35.395655,-080.621106
037027,35.873003,-081.502542
037029,36.369324,-076.197747
037031,34.744126,-076.818665
037033,36.399939,-079.361345
037035,35.695474,-081.245331
037037,35.756012,-079.208387
037039,35.101433,-084.022596
037041,36.117035,-076.626616
037043,35.036306,-083.805739
037045,35.291366,-081.515786
037047,34.280555,-078.706901
037049,35.069158,-077.041410
037051,35.054571,-078.937283
037053,36.403222,-076.016801
037055,35.920369,-075.676005
037057,35.857903,-080.200515
037059,35.931411,-080.520370
037061,34.928450,-077.940295
037063,35.986154,-078.901717
037065,35.902358,-077.656133
037067,36.104617,-080.258522
037069,36.044193,-078.354026
037071,35.273689,-081.150823
037073,36.464578,-076.706981
037075,35.332126,-083.787137
037077,36.216579,-078.649713
037079,35.466704,-077.665166
037081,36.066734,-079.847354
037083,36.361430,-077.674080
037085,35.354081,-078.867419
037087,35.518934,-082.943122
037089,35.341636,-082.471646
037091,36.352235,-077.011325
037093,34.992582,-079.170107
037095,35.430458,-076.205134
037097,35.694772,-080.866837
037099,35.332904,-083.199035
037101,35.570579,-078.419098
037103,35.030718,-077.354076
037105,35.453843,-079.173582
037107,35.260621,-077.633969
037109,35.485544,-081.162521
037111,35.667381,-082.019915
037113,35.156852,-083.377321
037115,35.839031,-082.636142
037117,35.830325,-077.097262
037119,35.225341,-080.819873
037121,35.960065,-082.113979
037123,35.340612,-079.892912
037125,35.237770,-079.439212
037127,35.945971,-077.925858
037129,34.210212,-077.878389
037131,36.440740,-077.450044
037133,34.734255,-077.405266
037135,35.980115,-079.082329
037137,35.102112,-076.782234
037139,36.294076,-076.247331
037141,34.453784,-077.806662
037143,36.180608,-076.422879
037145,36.372010,-078.970440
037147,35.576487,-077.383372
037149,35.258428,-082.176880
037151,35.766153,-079.829145
037153,34.942668,-079.735374
037155,34.677173,-079.091794
037157,36.400320,-079.773426
037159,35.620923,-080.522841
037161,35.350767,-081.897864
037163,35.036714,-078.397561
037165,34.785743,-079.473966
037167,35.320568,-080.251909
037169,36.349476,-080.275236
037171,36.431129,-080.657197
037173,35.437811,-083.411997
037175,35.210116,-082.743077
037177,35.895302,-076.242529
037179,35.012490,-080.631967
037181,36.332774,-078.402975
037183,35.795346,-078.679962
037185,36.411300,-078.134476
037187,35.863224,-076.651708
037189,36.218213,-081.686035
037191,35.372889,-077.986675
037193,36.191877,-081.133714
037195,35.727699,-077.933790
037197,36.164018,-080.673979
037199,35.910934,-082.294631
038001,46.035876,-102.621818
038003,46.926891,-098.030382
038005,48.022233,-099.148961
038007,47.003410,-103.306329
038009,48.818996,-100.635057
038011,46.171010,-103.389737
038013,48.760535,-102.539257
038015,46.823125,-100.761269
038017,46.853248,-096.866085
038019,48.756287,-098.408736
038021,46.090319,-098.316828
038023,48.873168,-103.340573
038025,47.337232,-102.638185
038027,47.705809,-099.056923
038029,46.266970,-100.221494
038031,47.460553,-099.032312
038033,46.891037,-103.959283
038035,47.904107,-097.114067
038037,46.393580,-101.709905
038039,47.451520,-098.184378
038041,46.452752,-102.563748
038043,46.913782,-099.803211
038045,46.405038,-098.531088
038047,46.497157,-099.553732
038049,48.179669,-100.700743
038051,46.146072,-099.492968
038053,47.815379,-103.249949
038055,47.524037,-101.227016
038057,47.300979,-101.712049
038059,46.820840,-100.987436
038061,48.134813,-102.385064
038063,47.914125,-098.211495
038065,47.120347,-101.307050
038067,48.786353,-097.583136
038069,48.327982,-099.985438
038071,48.129972,-098.834617
038073,46.473332,-097.654107
038075,48.712230,-101.513019
038077,46.265439,-096.765080
038079,48.837585,-099.815657
038081,46.166223,-097.587859
038083,47.581765,-100.333635
038085,46.166774,-100.727458
038087,46.418394,-103.416249
038089,46.883324,-102.784958
038091,47.459852,-097.750480
038093,46.917429,-098.739480
038095,48.575593,-099.232995
038097,47.489414,-097.221419
038099,48.392384,-097.556150
038101,48.251003,-101.324255
038103,47.673531,-099.776162
038105,48.198161,-103.581969
039001,38.851155,-083.519185
039003,40.757218,-084.123687
039005,40.854406,-082.284305
039007,41.792138,-080.769023
039009,39.342729,-082.099580
039011,40.543994,-084.272520
039013,40.042452,-080.892944
039015,38.952078,-083.892764
039017,39.410630,-084.498421
039019,40.608768,-081.114233
039021,40.121157,-083.756495
039023,39.927551,-083.831720
039025,39.104936,-084.213831
039027,39.411451,-083.842980
039029,40.780285,-080.730613
039031,40.291486,-081.863132
039033,40.796314,-082.873456
039035,41.448408,-081.677451
039037,40.116114,-084.606299
039039,41.294760,-084.448702
039041,40.213434,-083.012316
039043,41.405340,-082.627290
039045,39.799356,-082.672891
039047,39.548507,-083.443856
039049,40.001224,-082.992171
039051,41.578130,-084.095238
039053,38.831790,-082.275222
039055,41.487507,-081.223418
039057,39.725798,-083.997172
039059,40.017747,-081.541964
039061,39.181054,-084.509096
039063,41.038819,-083.642078
039065,40.687272,-083.673001
039067,40.308308,-081.052878
039069,41.360177,-084.078123
039071,39.219120,-083.582063
039073,39.524899,-082.449693
039075,40.568212,-081.869548
039077,41.176384,-082.613754
039079,39.035842,-082.610925
039081,40.365484,-080.692361
039083,40.400283,-082.454323
039085,41.685007,-081.319872
039087,38.501390,-082.538753
039089,40.051058,-082.521590
039091,40.382633,-083.776776
039093,41.391668,-082.110224
039095,41.651951,-083.620346
039097,39.923532,-083.378429
039099,41.048246,-080.697024
039101,40.582108,-083.127065
039103,41.144170,-081.837739
039105,39.061474,-082.011139
039107,40.515597,-084.606448
039109,40.039896,-084.229494
039111,39.743928,-081.066658
039113,39.744183,-084.206384
039115,39.615975,-081.865949
039117,40.518510,-082.793839
039119,39.963489,-081.996844
039121,39.772940,-081.487122
039123,41.532537,-083.080376
039125,41.132652,-084.588497
039127,39.758487,-082.237977
039129,39.671077,-082.992679
039131,39.084195,-083.036586
039133,41.180750,-081.276935
039135,39.743238,-084.625367
039137,41.008256,-084.115516
039139,40.761551,-082.540390
039141,39.341679,-083.023023
039143,41.340365,-083.100451
039145,38.780894,-082.944686
039147,41.127755,-083.202108
039149,40.319534,-084.194302
039151,40.837592,-081.388980
039153,41.116150,-081.511871
039155,41.240483,-080.759943
039157,40.481355,-081.467009
039159,40.241874,-083.334873
039161,40.856227,-084.565846
039163,39.241186,-082.504249
039165,39.423255,-084.243950
039167,39.409803,-081.517688
039169,40.836466,-081.864476
039171,41.532546,-084.571750
039173,41.453257,-083.602769
039175,40.865997,-083.299297
040001,35.887468,-094.635683
040003,36.658546,-098.317631
040005,34.329959,-096.097526
040007,36.829383,-100.638158
040009,35.361158,-099.511022
040011,35.885203,-098.428177
040013,33.980731,-096.386125
040015,35.175959,-098.339383
040017,35.493359,-097.766177
040019,34.189514,-097.197450
040021,35.902314,-094.995607
040023,34.019064,-095.528308
040025,36.734437,-102.496037
040027,35.269308,-097.450434
040029,34.548037,-096.278199
040031,34.633044,-098.419449
040033,34.312570,-098.331491
040035,36.679216,-095.154588
040037,35.975400,-096.226043
040039,35.547694,-098.828737
040041,36.468532,-094.793251
040043,36.057055,-099.074156
040045,36.262513,-099.786963
040047,36.398481,-097.885455
040049,34.737491,-097.289490
040051,35.112409,-097.850428
040053,36.761056,-097.779663
040055,34.912036,-099.464241
040057,34.694548,-099.897391
040059,36.768589,-099.761804
040061,35.239002,-095.124795
040063,35.079245,-096.326231
040065,34.657239,-099.331416
040067,34.132097,-097.871654
040069,34.262325,-096.650068
040071,36.744254,-097.125201
040073,35.913869,-097.910960
040075,34.936853,-099.017988
040077,34.882020,-095.255214
040079,35.065249,-094.639064
040081,35.656322,-096.882274
040083,35.822271,-097.442909
040085,33.922696,-097.170128
040087,35.106328,-097.527577
040089,33.999674,-094.814678
040091,35.385902,-095.581367
040093,36.298864,-098.432369
040095,34.018090,-096.749333
040097,36.292233,-095.243222
040099,34.507083,-097.027691
040101,35.711850,-095.366561
040103,36.324096,-097.233088
040105,36.774995,-095.635237
040107,35.451094,-096.337952
040109,35.525530,-097.512375
040111,35.617922,-095.969216
040113,36.415208,-096.228583
040115,36.857439,-094.834841
040117,36.270375,-096.539216
040119,36.091300,-097.007049
040121,34.956346,-095.721263
040123,34.774213,-096.673190
040125,35.321377,-096.952883
040127,34.327826,-095.482036
040129,35.628485,-099.659405
040131,36.315330,-095.650597
040133,35.186227,-096.631163
040135,35.466206,-094.729702
040137,34.518536,-097.946619
040139,36.712185,-101.448408
040141,34.382478,-098.971119
040143,36.102700,-095.911510
040145,36.015963,-095.627565
040147,36.728457,-095.937432
040149,35.314336,-099.053530
040151,36.767497,-098.708062
040153,36.423748,-099.383574
041001,44.780021,-117.762087
041003,44.573123,-123.275062
041005,45.363411,-122.575016
041007,46.098894,-123.841041
041009,45.889969,-122.929381
041011,43.305461,-124.232445
041013,44.283564,-120.843605
041015,42.251867,-124.327962
041017,44.090954,-121.306213
041019,43.239963,-123.388771
041021,45.449592,-120.197022
041023,44.451525,-119.003559
041025,43.521602,-118.986891
041027,45.658959,-121.565661
041029,42.347769,-122.858631
041031,44.591478,-121.190361
041033,42.404433,-123.385170
041035,42.285893,-121.726802
041037,42.478434,-120.476422
041039,44.039563,-123.119235
041041,44.713731,-124.002001
041043,44.556336,-122.959471
041045,43.975358,-117.061140
041047,44.960149,-122.955907
041049,45.739056,-119.617276
041051,45.517904,-122.591156
041053,44.920857,-123.208110
041055,45.518367,-120.721460
041057,45.469525,-123.858484
041059,45.801243,-118.967455
041061,45.341591,-118.018208
041063,45.443336,-117.305634
041065,45.541482,-121.204066
041067,45.486067,-122.870920
041069,44.837096,-120.088844
041071,45.239528,-123.136974
042001,39.851137,-077.157037
042003,40.447811,-079.971635
042005,40.769635,-079.510990
042007,40.684267,-080.302021
042009,40.054295,-078.476925
042011,40.362681,-075.909878
042013,40.487156,-078.376585
042015,41.833895,-076.527899
042017,40.239408,-075.026366
042019,40.821598,-079.966512
042021,40.408084,-078.800185
042023,41.502354,-078.238790
042025,40.871955,-075.708895
042027,40.839811,-077.836167
042029,39.993381,-075.678116
042031,41.182373,-079.429465
042033,40.991528,-078.499291
042035,41.140123,-077.448809
042037,41.038653,-076.389553
042039,41.666386,-080.098406
042041,40.205907,-077.092609
042043,40.304616,-076.796486
042045,39.922639,-075.348866
042047,41.419129,-078.619743
042049,42.068563,-080.072680
042051,39.949204,-079.715960
042053,41.487078,-079.223165
042055,39.883461,-077.654852
042057,39.918305,-078.086150
042059,39.876907,-080.113513
042061,40.428603,-078.002926
042063,40.617473,-079.130500
042065,41.085869,-078.964273
042067,40.573028,-077.327685
042069,41.441461,-075.636396
042071,40.073910,-076.292480
042073,40.986789,-080.336455
042075,40.340342,-076.443132
042077,40.597849,-075.509406
042079,41.195284,-075.928422
042081,41.249270,-076.981292
042083,41.865244,-078.583250
042085,41.263855,-080.336703
042087,40.604270,-077.615882
042089,41.038639,-075.305852
042091,40.169483,-075.314499
042093,40.996765,-076.630209
042095,40.699145,-075.320858
042097,40.874558,-076.684501
042099,40.410783,-077.154446
042101,40.003523,-075.139476
042103,41.302389,-074.983463
042105,41.823262,-077.935838
042107,40.712667,-076.195872
042109,40.787382,-076.980927
042111,40.029001,-079.012353
042113,41.469615,-076.492908
042115,41.823092,-075.769230
042117,41.814804,-077.211057
042119,40.970242,-076.959238
042121,41.404235,-079.765355
042123,41.853111,-079.233295
042125,40.208360,-080.146146
042127,41.539728,-075.307606
042129,40.340199,-079.594629
042131,41.538722,-075.938649
042133,39.941929,-076.753720
044001,41.712608,-071.284716
044003,41.698511,-071.488956
044005,41.548629,-071.266556
044007,41.857227,-071.449675
044009,41.467323,-071.590046
045001,34.241575,-082.422103
045003,33.535704,-081.774519
045005,32.997052,-081.291327
045007,34.564685,-082.616620
045009,33.267569,-081.072226
045011,33.294536,-081.356749
045013,32.317957,-080.786927
045015,33.059268,-080.035006
045017,33.677921,-080.822118
045019,32.825793,-079.978136
045021,35.080959,-081.648305
045023,34.704401,-081.118573
045025,34.681114,-080.149834
045027,33.686186,-080.207955
045029,32.908810,-080.646921
045031,34.326094,-079.985464
045033,34.394790,-079.361598
045035,32.995941,-080.212663
045037,33.713128,-081.923002
045039,34.361268,-081.069334
045041,34.106046,-079.764677
045043,33.457552,-079.250947
045045,34.844659,-082.331257
045047,34.205171,-082.147907
045049,32.801597,-081.116415
045051,33.780221,-078.937681
045053,32.407305,-081.002142
045055,34.257249,-080.650865
045057,34.804751,-080.771843
045059,34.509505,-082.032019
045061,34.183585,-080.266874
045063,33.962205,-081.218934
045065,33.879301,-082.297749
045067,34.166085,-079.340476
045069,34.637958,-079.671661
045071,34.264651,-081.573551
045073,34.707527,-083.002043
045075,33.471760,-080.798783
045077,34.805302,-082.689713
045079,34.067968,-080.988835
045081,33.998820,-081.702809
045083,34.963891,-082.007751
045085,33.929496,-080.389604
045087,34.733128,-081.627678
045089,33.651948,-079.733224
045091,34.998556,-081.051363
046003,43.693726,-098.529708
046005,44.367306,-098.227700
046007,43.210572,-101.785879
046009,42.966147,-097.859901
046011,44.310910,-096.785884
046013,45.475353,-098.451669
046015,43.762674,-099.191362
046017,44.059088,-099.371007
046019,44.669688,-103.766262
046021,45.801272,-100.100553
046023,43.175337,-098.527816
046025,44.825614,-097.709207
046027,42.808955,-096.936772
046029,44.914070,-097.129856
046031,45.758065,-100.912373
046033,43.740721,-103.514861
046035,43.706382,-098.040431
046037,45.369062,-097.519215
046039,44.738673,-096.660949
046041,45.116562,-101.110107
046043,43.377636,-098.369735
046045,45.453421,-099.148719
046047,43.387361,-103.513072
046049,45.061037,-099.099318
046051,45.206943,-096.658721
046053,43.183504,-099.279550
046055,44.133291,-101.572693
046057,44.646162,-097.148245
046059,44.525472,-098.991594
046061,43.656069,-097.771709
046063,45.605864,-103.520304
046065,44.382830,-100.305301
046067,43.336978,-097.745451
046069,44.519687,-099.455271
046071,43.649678,-101.665063
046073,44.091010,-098.537954
046075,43.895340,-100.695148
046077,44.377105,-097.408777
046079,44.001466,-097.095038
046081,44.453405,-103.805876
046083,43.441142,-096.744487
046085,43.953669,-099.716961
046087,43.661486,-097.348311
046089,45.766155,-099.243067
046091,45.757886,-097.628902
046093,44.281372,-103.280064
046095,43.549370,-100.809211
046097,44.011310,-097.551535
046099,43.558266,-096.731507
046101,44.018445,-096.663373
046102,43.183372,-102.479640
046103,44.064853,-103.210935
046105,45.709610,-102.331006
046107,45.070399,-099.951949
046109,45.611156,-096.959096
046111,44.005619,-098.145130
046115,44.904738,-098.412881
046117,44.372239,-100.448102
046119,44.703108,-100.135851
046121,43.249270,-100.780183
046123,43.350237,-099.846955
046125,43.304408,-097.112768
046127,42.681007,-096.592222
046129,45.518483,-100.311806
046135,42.901260,-097.396931
046137,44.929817,-101.530161
047001,36.081238,-084.178765
047003,35.512233,-086.465018
047005,36.070898,-088.090044
047007,35.621511,-085.200314
047009,35.753197,-083.973461
047011,35.167425,-084.859688
047013,36.381486,-084.125957
047015,35.799353,-086.063976
047017,36.018877,-088.464218
047019,36.318990,-082.203404
047021,36.272282,-087.063519
047023,35.438266,-088.622510
047025,36.488700,-083.639849
047027,36.552828,-085.562901
047029,35.947274,-083.174047
047031,35.454229,-086.124582
047033,35.787543,-089.120017
047035,35.955637,-085.017779
047037,36.137771,-086.744752
047039,35.606176,-088.123327
047041,35.967047,-085.836916
047043,36.104233,-087.343938
047045,36.059417,-089.358361
047047,35.201116,-089.479763
047049,36.363232,-084.936669
047051,35.208173,-086.116159
047053,35.932264,-088.870969
047055,35.192203,-087.030448
047057,36.266188,-083.486630
047059,36.177480,-082.832594
047061,35.343196,-085.722272
047063,36.215549,-083.297502
047065,35.093764,-085.201806
047067,36.517225,-083.231102
047069,35.222929,-089.018519
047071,35.198544,-088.225953
047073,36.463000,-082.874023
047075,35.586198,-089.267733
047077,35.647965,-088.402891
047079,36.319829,-088.291369
047081,35.854710,-087.405499
047083,36.304161,-087.704274
047085,36.071211,-087.775090
047087,36.327984,-085.629403
047089,36.064823,-083.453077
047091,36.450066,-081.844689
047093,35.971886,-083.991621
047095,36.356402,-089.467221
047097,35.765131,-089.537383
047099,35.237607,-087.353601
047101,35.533225,-087.521716
047103,35.105199,-086.571740
047105,35.760641,-084.284282
047107,35.426045,-084.598722
047109,35.176963,-088.537496
047111,36.535265,-086.025628
047113,35.653504,-088.824487
047115,35.109520,-085.608797
047117,35.496732,-086.770825
047119,35.635591,-087.029196
047121,35.502098,-084.816211
047123,35.518372,-084.354235
047125,36.557126,-087.345978
047127,35.296438,-086.340442
047129,36.098366,-084.593205
047131,36.397163,-089.079910
047133,36.344912,-085.324939
047135,35.653842,-087.859297
047137,36.565622,-085.141318
047139,35.125195,-084.568406
047141,36.163157,-085.503795
047143,35.556758,-084.954393
047145,35.881148,-084.522160
047147,36.484560,-086.830273
047149,35.888267,-086.450266
047151,36.454470,-084.508258
047153,35.355415,-085.391417
047155,35.864247,-083.582490
047157,35.131029,-089.886356
047159,36.241313,-085.968175
047161,36.493716,-087.800108
047163,36.529913,-082.397127
047165,36.396228,-086.536038
047167,35.475870,-089.750299
047169,36.386235,-086.153351
047171,36.151274,-082.394706
047173,36.245311,-083.815954
047175,35.711516,-085.454611
047177,35.695188,-085.794787
047179,36.325615,-082.433815
047181,35.258132,-087.790328
047183,36.292493,-088.773817
047185,35.941573,-085.488902
047187,35.912269,-086.846241
047189,36.200347,-086.409498
048001,31.775312,-095.683934
048003,32.321401,-102.539607
048005,31.313526,-094.716132
048007,28.030687,-097.072506
048009,33.712813,-098.607348
048011,35.092208,-101.392108
048013,29.041628,-098.578427
048015,29.850973,-096.219899
048017,34.218733,-102.744103
048019,29.703518,-099.031596
048021,30.142585,-097.366668
048023,33.591163,-099.264553
048025,28.395559,-097.733787
048027,31.081490,-097.591674
048029,29.484685,-098.532945
048031,30.177148,-098.392080
048033,32.757641,-101.436493
048035,31.862115,-097.570902
048037,33.436613,-094.200820
048039,29.355331,-095.385044
048041,30.624157,-096.328757
048043,30.222448,-103.620129
048045,34.443465,-101.234309
048047,27.208714,-098.144842
048049,31.731619,-098.989268
048051,30.475618,-096.644593
048053,30.672177,-098.241706
048055,29.865312,-097.674628
048057,28.589157,-096.625881
048059,32.351779,-099.452875
048061,26.047418,-097.561196
048063,32.990171,-094.985027
048065,35.382121,-101.328264
048067,33.080612,-094.297274
048069,34.525081,-102.272214
048071,29.805419,-094.768972
048073,31.913488,-095.216202
048075,34.428092,-100.223958
048077,33.825391,-098.244798
048079,33.689389,-102.741038
048081,31.904116,-100.416634
048083,31.808131,-099.425034
048085,33.112899,-096.690642
048087,34.861822,-100.221748
048089,29.664806,-096.538931
048091,29.764473,-098.221660
048093,31.972232,-098.559029
048095,31.291192,-099.857069
048097,33.607384,-097.133790
048099,31.236375,-097.832520
048101,34.027790,-100.304280
048103,31.402296,-102.352663
048105,30.704747,-101.216615
048107,33.660414,-101.357576
048109,31.064217,-104.819502
048111,36.104995,-102.568672
048113,32.809819,-096.787649
048115,32.734655,-101.949301
048117,34.835619,-102.402802
048119,33.374802,-095.704590
048121,33.116408,-097.014655
048123,29.099569,-097.311520
048125,33.546700,-100.855931
048127,28.520685,-099.826991
048129,34.943929,-100.862317
048131,27.742533,-098.391035
048133,32.357306,-098.845399
048135,31.866684,-102.389586
048137,29.985934,-100.202797
048139,32.429032,-096.828008
048141,31.783025,-106.365548
048143,32.212060,-098.225168
048145,31.260935,-096.951052
048147,33.556926,-096.181312
048149,29.856137,-096.901177
048151,32.770889,-100.413975
048153,34.039808,-101.374427
048155,33.991610,-099.705226
048157,29.620209,-095.681282
048159,33.122067,-095.223923
048161,31.700054,-096.209290
048163,28.839468,-099.108503
048165,32.751995,-102.658045
048167,29.428137,-095.019324
048169,33.197542,-101.380565
048171,30.273641,-098.908076
048173,31.842600,-101.525278
048175,28.710579,-097.362276
048177,29.477178,-097.504312
048179,35.530415,-100.939889
048181,33.644861,-096.626605
048183,32.499890,-094.790846
048185,30.439295,-096.007289
048187,29.601993,-098.107377
048189,34.143518,-101.742413
048191,34.664744,-100.592641
048193,31.763001,-098.095686
048195,36.213672,-101.271246
048197,34.285182,-099.701429
048199,30.299380,-094.257170
048201,29.816889,-095.425716
048203,32.534326,-094.427274
048205,35.994603,-102.502310
048207,33.177505,-099.764733
048209,30.009405,-097.925385
048211,35.893039,-100.360755
048213,32.241331,-095.889359
048215,26.235916,-098.184508
048217,31.998194,-097.177130
048219,33.583536,-102.333262
048221,32.434349,-097.762260
048223,33.124495,-095.589265
048225,31.297879,-095.466359
048227,32.241408,-101.463071
048229,31.368286,-105.546009
048231,33.082058,-096.104497
048233,35.679194,-101.447120
048235,31.270407,-100.834684
048237,33.200241,-098.168766
048239,28.959201,-096.594369
048241,30.731569,-093.993279
048243,30.608875,-103.996920
048245,30.011460,-094.067627
048247,27.303139,-098.685247
048249,27.755632,-098.062817
048251,32.441328,-097.322751
048253,32.706551,-099.805060
048255,28.858110,-097.870329
048257,32.671244,-096.358092
048259,29.831401,-098.717572
048261,27.104123,-097.788911
048263,33.250470,-100.625144
048265,30.040273,-099.159357
048267,30.486259,-099.727741
048269,33.644368,-100.295750
048271,29.303419,-100.418210
048273,27.491433,-097.856967
048275,33.459835,-099.703999
048277,33.675491,-095.534041
048279,34.028312,-102.324682
048281,31.095229,-098.113200
048283,28.353424,-099.246365
048285,29.407088,-097.043810
048287,30.274826,-096.971427
048289,31.291285,-096.048310
048291,30.159245,-094.925523
048293,31.590430,-096.519096
048295,36.386639,-100.363063
048297,28.336604,-098.108137
048299,30.680229,-098.508665
048301,31.777896,-103.608978
048303,33.552551,-101.894337
048305,33.199122,-101.817174
048307,31.148033,-099.338842
048309,31.539980,-097.174773
048311,28.438706,-098.523036
048313,30.955832,-095.899678
048315,32.789481,-094.423174
048317,32.173602,-101.827500
048319,30.754424,-099.220235
048321,28.918149,-095.998903
048323,28.706412,-100.478172
048325,29.313933,-098.953359
048327,30.901087,-099.776701
048329,32.003156,-102.106550
048331,30.744263,-097.008624
048333,31.483977,-098.578378
048335,32.392285,-100.864009
048337,33.632783,-097.760712
048339,30.228848,-095.462136
048341,35.902872,-101.956502
048343,33.073156,-094.722880
048345,34.013578,-100.842931
048347,31.625667,-094.644584
048349,32.081317,-096.485996
048351,30.685761,-093.754831
048353,32.451081,-100.411741
048355,27.728576,-097.428318
048357,36.381051,-100.810093
048359,35.291939,-102.407570
048361,30.120218,-093.865826
048363,32.779308,-098.163963
048365,32.163354,-094.335132
048367,32.789424,-097.727364
048369,34.540661,-102.815696
048371,30.897060,-102.799260
048373,30.736484,-094.936813
048375,35.221526,-101.839818
048377,29.838522,-104.249357
048379,32.885663,-095.795059
048381,35.119788,-101.891409
048383,31.214335,-101.466333
048385,29.723692,-099.823692
048387,33.591924,-095.078313
048389,31.387128,-103.526322
048391,28.290523,-097.247591
048393,35.716278,-100.695549
048395,30.966033,-096.543247
048397,32.916866,-096.427986
048399,31.799180,-099.993610
048401,32.194387,-094.798485
048403,31.339019,-093.849410
048405,31.441095,-094.152849
048407,30.549124,-095.134690
048409,27.942669,-097.391040
048411,31.188156,-098.760354
048413,30.869698,-100.592817
048415,32.704112,-100.909103
048417,32.690986,-099.306244
048419,31.823503,-094.181492
048421,36.332750,-102.008261
048423,32.326145,-095.300981
048425,32.234974,-097.752235
048427,26.387766,-098.843415
048429,32.756210,-098.902179
048431,31.834760,-100.993285
048433,33.144536,-100.232471
048435,30.563302,-100.627673
048437,34.532201,-101.771575
048439,32.764453,-097.247663
048441,32.417775,-099.767126
048443,30.160108,-102.352197
048445,33.182705,-102.271846
048447,33.141356,-099.139569
048449,33.175862,-094.966537
048451,31.451021,-100.461171
048453,30.314282,-097.748216
048455,30.998905,-095.244685
048457,30.738682,-094.367741
048459,32.697929,-094.922270
048461,31.180959,-102.124982
048463,29.243318,-099.757846
048465,29.380944,-100.898072
048467,32.577505,-095.837646
048469,28.825017,-096.991571
048471,30.725832,-095.538696
048473,29.996824,-095.953615
048475,31.569290,-102.912603
048477,30.181502,-096.397834
048479,27.522979,-099.475549
048481,29.276712,-096.175435
048483,35.352532,-100.263458
048485,33.920901,-098.552501
048487,34.144872,-099.296953
048489,26.452376,-097.777449
048491,30.560987,-097.716991
048493,29.231356,-098.142982
048495,31.842332,-103.099200
048497,33.161791,-097.629879
048499,32.776047,-095.400092
048501,33.022609,-102.833127
048503,33.164283,-098.624184
048505,26.903441,-099.266007
048507,28.749410,-099.810168
049001,38.298080,-112.762542
049003,41.592632,-112.098410
049005,41.745425,-111.839724
049007,39.602446,-110.777569
049009,40.967095,-109.647096
049011,41.019939,-111.960883
049013,40.289458,-110.162356
049015,39.217578,-110.929942
049017,37.765439,-112.100464
049019,38.569056,-109.528693
049021,37.708874,-113.076161
049023,39.748396,-111.878638
049025,37.112169,-112.452998
049027,39.209257,-112.485634
049029,41.083677,-111.724978
049031,38.277169,-112.214410
049033,41.776494,-111.285765
049035,40.638514,-111.927686
049037,37.520520,-109.545503
049039,39.384535,-111.605199
049041,38.771786,-112.044688
049043,40.726848,-111.470958
049045,40.568237,-112.363002
049047,40.426449,-109.590270
049049,40.278299,-111.749940
049051,40.511436,-111.412185
049053,37.130180,-113.524041
049055,38.361712,-111.473883
049057,41.227609,-111.992699
050001,44.060543,-073.165381
050003,42.980347,-073.148622
050005,44.466488,-072.076449
050007,44.480291,-073.149824
050009,44.663681,-071.741708
050011,44.836315,-072.997625
050013,44.796249,-073.298725
050015,44.583725,-072.655635
050017,43.996141,-072.392814
050019,44.862555,-072.225524
050021,43.602602,-073.041302
050023,44.243309,-072.587175
050025,42.952898,-072.627862
050027,43.547294,-072.490571
051001,37.789059,-075.629449
051003,38.052435,-078.519241
051005,37.802458,-079.929858
051007,37.341510,-077.973985
051009,37.518911,-079.103500
051011,37.360190,-078.837020
051013,38.874744,-077.099874
051015,38.127146,-079.031050
051017,38.018911,-079.758923
051019,37.320204,-079.485385
051021,37.150078,-081.087264
051023,37.446422,-079.853138
051025,36.758266,-077.863297
051027,37.264124,-082.059132
051029,37.580161,-078.485095
051031,37.261518,-079.169047
051033,38.008700,-077.438652
051035,36.713036,-080.762136
051036,37.383394,-077.101446
051037,37.022060,-078.630278
051041,37.418312,-077.556155
051043,39.129417,-077.987382
051045,37.475420,-080.173756
051047,38.498243,-077.999051
051049,37.481359,-078.258673
051051,37.143369,-082.378751
051053,37.135652,-077.560510
051057,37.908781,-076.901329
051059,38.844726,-077.259110
051061,38.695515,-077.774094
051063,36.943205,-080.342366
051065,37.888642,-078.301835
051067,37.020940,-079.857581
051069,39.166263,-078.188362
051071,37.318524,-080.717789
051073,37.376310,-076.529483
051075,37.700050,-077.837570
051077,36.645604,-081.114627
051079,38.250643,-078.419667
051081,36.723794,-077.536797
051083,36.748512,-078.926925
051085,37.686944,-077.418063
051087,37.604639,-077.498572
051089,36.690100,-079.902329
051091,38.386566,-079.570507
051093,36.924550,-076.644703
051095,37.297936,-076.759880
051097,37.697980,-076.891199
051099,38.290179,-077.163647
051101,37.705655,-077.062634
051103,37.703954,-076.435886
051105,36.714437,-083.102612
051107,39.034341,-077.517540
051109,37.982264,-077.971413
051111,36.970037,-078.216617
051113,38.376095,-078.234462
051115,37.445239,-076.342339
051117,36.690417,-078.318472
051119,37.601288,-076.503852
051121,37.189478,-080.413551
051125,37.812328,-078.873020
051127,37.497961,-077.041127
051131,37.388365,-075.919193
051133,37.888285,-076.408327
051135,37.146300,-078.078841
051137,38.271901,-077.954737
051139,38.604540,-078.500572
051141,36.654401,-080.284499
051143,36.769810,-079.411183
051145,37.542880,-077.875784
051147,37.257792,-078.422205
051149,37.219071,-077.300134
051153,38.691881,-077.411563
051155,37.082088,-080.703764
051157,38.695715,-078.123809
051159,37.947361,-076.716497
051161,37.270592,-079.990218
051163,37.787711,-079.427154
051165,38.452246,-078.838150
051167,36.935321,-082.086825
051169,36.683147,-082.596616
051171,38.870724,-078.526715
051173,36.828217,-081.574516
051175,36.717292,-077.067406
051177,38.238583,-077.569152
051179,38.415146,-077.450270
051181,37.116405,-076.868309
051183,36.973226,-077.212078
051185,37.146681,-081.564501
051187,38.927717,-078.178302
051191,36.702853,-081.972673
051193,38.160791,-076.854228
051195,36.951164,-082.612989
051197,36.919638,-081.068530
051199,37.174598,-076.495318
051510,38.819775,-077.091035
051520,36.610521,-082.169169
051530,37.733971,-079.352679
051540,38.033197,-078.490351
051550,36.755679,-076.282736
051570,37.264114,-077.401819
051580,37.781159,-079.989386
051590,36.591483,-079.409217
051595,36.692193,-077.541334
051600,38.851844,-077.302407
051610,38.883587,-077.174338
051620,36.679019,-076.937037
051630,38.299101,-077.483494
051640,36.666194,-080.918852
051650,37.043069,-076.367924
051660,38.440800,-078.868276
051670,37.289394,-077.305511
051678,37.784392,-079.443722
051680,37.392830,-079.190579
051683,38.752740,-077.475101
051685,38.772165,-077.448688
051690,36.682806,-079.863773
051700,37.090511,-076.496261
051710,36.896214,-076.260623
051720,36.937981,-082.623258
051730,37.209954,-077.395423
051735,37.131572,-076.381528
051740,36.833211,-076.352840
051750,37.128256,-080.559565
051760,37.535453,-077.466456
051770,37.278530,-079.960240
051775,37.286907,-080.056262
051790,38.157632,-079.077240
051800,36.781867,-076.551079
051810,36.821388,-076.100566
051820,38.072102,-078.898326
051830,37.275238,-076.710426
051840,39.174971,-078.170677
053001,46.864934,-119.031492
053003,46.388404,-117.067850
053005,46.229857,-119.276673
053007,47.530181,-120.344656
053009,48.094969,-123.436581
053011,45.680599,-122.562440
053013,46.323102,-117.976206
053015,46.135463,-122.894833
053017,47.504279,-120.178914
053019,48.617553,-118.520753
053021,46.303471,-119.125303
053023,46.472066,-117.577877
053025,47.144730,-119.466088
053027,46.991256,-123.767517
053029,48.206300,-122.576951
053031,48.010517,-122.820477
053033,47.550488,-122.230405
053035,47.612218,-122.632870
053037,47.051833,-120.630456
053039,45.798390,-121.146148
053041,46.618920,-122.839231
053043,47.638472,-118.324539
053045,47.288559,-123.034441
053047,48.446072,-119.591995
053049,46.524578,-123.904809
053051,48.281535,-117.224181
053053,47.177735,-122.407463
053055,48.575232,-122.979166
053057,48.466800,-122.335340
053059,45.688621,-121.934210
053061,47.927544,-122.188806
053063,47.680212,-117.368939
053065,48.277695,-117.812987
053067,47.000870,-122.836576
053069,46.236473,-123.426151
053071,46.077907,-118.391181
053073,48.823210,-122.487638
053075,46.793601,-117.218080
053077,46.519342,-120.421590
054001,39.110076,-080.004391
054003,39.458843,-077.981170
054005,38.056440,-081.757507
054007,38.691905,-080.723592
054009,40.309452,-080.585926
054011,38.413593,-082.335182
054013,38.852608,-081.104396
054015,38.471941,-081.099320
054017,39.285261,-080.721305
054019,38.032534,-081.129034
054021,38.923122,-080.826516
054023,39.058737,-079.161030
054025,37.854476,-080.490891
054027,39.329412,-078.610531
054029,40.477168,-080.568865
054031,39.039184,-078.881370
054033,39.287852,-080.338827
054035,38.839840,-081.713096
054037,39.313836,-077.847631
054039,38.363316,-081.658246
054041,39.034218,-080.467800
054043,38.201811,-082.066388
054045,37.856159,-081.972493
054047,37.396396,-081.656256
054049,39.484338,-080.178811
054051,39.928298,-080.704828
054053,38.827547,-082.058308
054055,37.352588,-081.138228
054057,39.464770,-078.909653
054059,37.704029,-082.153272
054061,39.636527,-079.956836
054063,37.524766,-080.641965
054065,39.580983,-078.223029
054067,38.278413,-080.772320
054069,40.078539,-080.672291
054071,38.672348,-079.337977
054073,39.383391,-081.192758
054075,38.286975,-080.021443
054077,39.505510,-079.669791
054079,38.474402,-081.929372
054081,37.770540,-081.200033
054083,38.870878,-079.872452
054085,39.217711,-081.041532
054087,38.728527,-081.345745
054089,37.665228,-080.849424
054091,39.338620,-080.066874
054093,39.110662,-079.602086
054095,39.514560,-080.930534
054097,38.954081,-080.228505
054099,38.267338,-082.494193
054101,38.469754,-080.476189
054103,39.630012,-080.768843
054105,39.054220,-081.394474
054107,39.266981,-081.530587
054109,37.628585,-081.567271
055001,43.946194,-089.783120
055003,46.475919,-090.785419
055005,45.437002,-091.815142
055007,46.594106,-091.104441
055009,44.497155,-088.034145
055011,44.380158,-091.741440
055013,45.836891,-092.403811
055015,44.152617,-088.262936
055017,44.984928,-091.328087
055019,44.788140,-090.550998
055021,43.460151,-089.366154
055023,43.165384,-091.005118
055025,43.075640,-089.395501
055027,43.435904,-088.713062
055029,44.915074,-087.335769
055031,46.628582,-092.014830
055033,44.914658,-091.892915
055035,44.790208,-091.454792
055037,45.853651,-088.244316
055039,43.765547,-088.487004
055041,45.563411,-088.812092
055043,42.827213,-090.612643
055045,42.673838,-089.575106
055047,43.845067,-089.014675
055049,42.981998,-090.122230
055051,46.343183,-090.189954
055053,44.320677,-090.903038
055055,43.040342,-088.785594
055057,43.843115,-090.097640
055059,42.572393,-087.924047
055061,44.527818,-087.591703
055063,43.861018,-091.208863
055065,42.663323,-090.140565
055067,45.185054,-089.104985
055069,45.288548,-089.686454
055071,44.103610,-087.724344
055073,44.907455,-089.707823
055075,45.219097,-087.848007
055077,43.810948,-089.407897
055078,44.912634,-088.635691
055079,43.031416,-087.959526
055081,43.942578,-090.644211
055083,44.895367,-088.146318
055085,45.710990,-089.493946
055087,44.308666,-088.401368
055089,43.318810,-087.950093
055091,44.591768,-091.987424
055093,44.773350,-092.547747
055095,45.404946,-092.481404
055097,44.498026,-089.526076
055099,45.724359,-090.398050
055101,42.735037,-087.928046
055103,43.350268,-090.390394
055105,42.654810,-089.037935
055107,45.444970,-091.130594
055109,45.017968,-092.580626
055111,43.449264,-089.868041
055113,45.938054,-091.345247
055115,44.786908,-088.681002
055117,43.733622,-087.819076
055119,45.172334,-090.408593
055121,44.287418,-091.363458
055123,43.605271,-090.835696
055125,45.988218,-089.496963
055127,42.662934,-088.540338
055129,45.848159,-091.835392
055131,43.345574,-088.216407
055133,43.035960,-088.236186
055135,44.432697,-088.937028
055137,44.101477,-089.225784
055139,44.101514,-088.540906
055141,44.478457,-089.962546
056001,41.313442,-105.596073
056003,44.635296,-108.250971
056005,44.257046,-105.495519
056007,41.659869,-107.078124
056009,42.788528,-105.520738
056011,44.434922,-104.619744
056013,43.010698,-108.609469
056015,42.050142,-104.220172
056017,43.661523,-108.232641
056019,44.288278,-106.695709
056021,41.153937,-104.771336
056023,42.648291,-110.872872
056025,42.842184,-106.335315
056027,42.810897,-104.450987
056029,44.614008,-108.972540
056031,42.106509,-104.929825
056033,44.780986,-106.977846
056035,42.807278,-109.943507
056037,41.580564,-109.302521
056039,43.491744,-110.785815
056041,41.271502,-110.760395
056043,44.012223,-107.905059
056045,43.908449,-104.304384
072001,18.173646,-066.740925
072003,18.362557,-067.176449
072005,18.459888,-067.126330
072007,18.248740,-066.122947
072009,18.137305,-066.268687
072011,18.290392,-067.139988
072013,18.439048,-066.690960
072015,17.984834,-066.054877
072017,18.444507,-066.558700
072019,18.203009,-066.311406
072021,18.372940,-066.168187
072023,18.070386,-067.156738
072025,18.226891,-066.045972
072027,18.444506,-066.863259
072029,18.359601,-065.895249
072031,18.392727,-065.971732
072033,18.436657,-066.141417
072035,18.119389,-066.150454
072037,18.262878,-065.656285
072039,18.314892,-066.493664
072041,18.171979,-066.151298
072043,18.078888,-066.361654
072045,18.226917,-066.223805
072047,18.316520,-066.322897
072049,18.311911,-065.301885
072051,18.440335,-066.284058
072053,18.327234,-065.656969
072054,18.368416,-066.563073
072055,17.985564,-066.912035
072057,17.981079,-066.120144
072059,18.032730,-066.793032
072061,18.366345,-066.113295
072063,18.253807,-065.979538
072065,18.440804,-066.797657
072067,18.141179,-067.120847
072069,18.141972,-065.816921
072071,18.473708,-067.018163
072073,18.216630,-066.593669
072075,18.040776,-066.503885
072077,18.223898,-065.913785
072079,18.032554,-067.046992
072081,18.293906,-066.870739
072083,18.242125,-066.993323
072085,18.180422,-065.873796
072087,18.418901,-065.869088
072089,18.361491,-065.723304
072091,18.427989,-066.482736
072093,18.176418,-066.955125
072095,18.010392,-065.904690
072097,18.200407,-067.132661
072099,18.380886,-067.083785
072101,18.328822,-066.412994
072103,18.218695,-065.749375
072105,18.292637,-066.251108
072107,18.222018,-066.406737
072109,18.007498,-066.004590
072111,18.058586,-066.722282
072113,18.021750,-066.616993
072115,18.454550,-066.927360
072117,18.334123,-067.233645
072119,18.367271,-065.827512
072121,18.070416,-066.950547
072123,17.991105,-066.260357
072125,18.096123,-067.041209
072127,18.401963,-066.056207
072129,18.171583,-065.972121
072131,18.335187,-066.982212
072133,17.989220,-066.394622
072135,18.367369,-066.229556
072137,18.429333,-066.201719
072139,18.350720,-066.008142
072141,18.268678,-066.707197
072143,18.423353,-066.331592
072145,18.439692,-066.399082
072147,18.134221,-065.448953
072149,18.123806,-066.486557
072151,18.068957,-065.885852
072153,18.043328,-066.859541
